source,modality,image_id,image_path,mask_path,image_width,image_height,mask_width,mask_height,status
exports_qgis,rgb,sit15_neg01,,C:\Users\Mathieu\Documents\New project\Stage_2A\data\exports_qgis\rgb_masque\sit15_neg01_masque.png,,,3507,2480,missing_clean_image
exports_qgis,rgb,site01_large,C:\Users\Mathieu\Documents\New project\Stage_2A\data\exports_qgis\rgb\site01_large.png,C:\Users\Mathieu\Documents\New project\Stage_2A\data\exports_qgis\rgb_masque\site01_large_masque.png,3507,2480,3507,2480,ok
exports_qgis,rgb,site01_neg02,C:\Users\Mathieu\Documents\New project\Stage_2A\data\exports_qgis\rgb\site01_neg02.png,C:\Users\Mathieu\Documents\New project\Stage_2A\data\exports_qgis\rgb_masque\site01_neg02_masque.png,3507,2480,3507,2480,ok
exports_qgis,rgb,site01_neg03,C:\Users\Mathieu\Documents\New project\Stage_2A\data\exports_qgis\rgb\site01_neg03.png,C:\Users\Mathieu\Documents\New project\Stage_2A\data\exports_qgis\rgb_masque\site01_neg03_masque.png,3507,2480,3507,2480,ok
exports_qgis,rgb,site01_neg04,C:\Users\Mathieu\Documents\New project\Stage_2A\data\exports_qgis\rgb\site01_neg04.png,C:\Users\Mathieu\Documents\New project\Stage_2A\data\exports_qgis\rgb_masque\site01_neg04_masque.png,3507,2480,3507,2480,ok
exports_qgis,rgb,site01_neg05,C:\Users\Mathieu\Documents\New project\Stage_2A\data\exports_qgis\rgb\site01_neg05.png,C:\Users\Mathieu\Documents\New project\Stage_2A\data\exports_qgis\rgb_masque\site01_neg05_masque.png,3507,2480,3507,2480,ok
exports_qgis,rgb,site01_neg06,C:\Users\Mathieu\Documents\New project\Stage_2A\data\exports_qgis\rgb\site01_neg06.png,C:\Users\Mathieu\Documents\New project\Stage_2A\data\exports_qgis\rgb_masque\site01_neg06_masque.png,3507,2480,3507,2480,ok
exports_qgis,rgb,site01_neg07,C:\Users\Mathieu\Documents\New project\Stage_2A\data\exports_qgis\rgb\site01_neg07.png,C:\Users\Mathieu\Documents\New project\Stage_2A\data\exports_qgis\rgb_masque\site01_neg07_masque.png,3507,2480,3507,2480,ok
exports_qgis,rgb,site01_patch01,C:\Users\Mathieu\Documents\New project\Stage_2A\data\exports_qgis\rgb\site01_patch01.png,C:\Users\Mathieu\Documents\New project\Stage_2A\data\exports_qgis\rgb_masque\site01_patch01_masque.png,3507,2480,3507,2480,ok
exports_qgis,rgb,site01_patch02,C:\Users\Mathieu\Documents\New project\Stage_2A\data\exports_qgis\rgb\site01_patch02.png,C:\Users\Mathieu\Documents\New project\Stage_2A\data\exports_qgis\rgb_masque\site01_patch02_masque.png,3507,2480,3507,2480,ok
exports_qgis,rgb,site01_patch03,C:\Users\Mathieu\Documents\New project\Stage_2A\data\exports_qgis\rgb\site01_patch03.png,C:\Users\Mathieu\Documents\New project\Stage_2A\data\exports_qgis\rgb_masque\site01_patch03_masque.png,3507,2480,3507,2480,ok
exports_qgis,rgb,site01_patch04,C:\Users\Mathieu\Documents\New project\Stage_2A\data\exports_qgis\rgb\site01_patch04.png,C:\Users\Mathieu\Documents\New project\Stage_2A\data\exports_qgis\rgb_masque\site01_patch04_masque.png,3507,2480,3507,2480,ok
exports_qgis,rgb,site01_patch05,C:\Users\Mathieu\Documents\New project\Stage_2A\data\exports_qgis\rgb\site01_patch05.png,C:\Users\Mathieu\Documents\New project\Stage_2A\data\exports_qgis\rgb_masque\site01_patch05_masque.png,3507,2480,3507,2480,ok
exports_qgis,rgb,site01_tres_large,C:\Users\Mathieu\Documents\New project\Stage_2A\data\exports_qgis\rgb\site01_tres_large.png,C:\Users\Mathieu\Documents\New project\Stage_2A\data\exports_qgis\rgb_masque\site01_tres_large_masque.png,3507,2480,3507,2480,ok
exports_qgis,rgb,site02_large,C:\Users\Mathieu\Documents\New project\Stage_2A\data\exports_qgis\rgb\site02_large.png,C:\Users\Mathieu\Documents\New project\Stage_2A\data\exports_qgis\rgb_masque\site02_large_masque.png,3507,2480,3507,2480,ok
exports_qgis,rgb,site02_neg01,C:\Users\Mathieu\Documents\New project\Stage_2A\data\exports_qgis\rgb\site02_neg01.png,C:\Users\Mathieu\Documents\New project\Stage_2A\data\exports_qgis\rgb_masque\site02_neg01_masque.png,3507,2480,3507,2480,ok
exports_qgis,rgb,site02_neg02,C:\Users\Mathieu\Documents\New project\Stage_2A\data\exports_qgis\rgb\site02_neg02.png,C:\Users\Mathieu\Documents\New project\Stage_2A\data\exports_qgis\rgb_masque\site02_neg02_masque.png,3507,2480,3507,2480,ok
exports_qgis,rgb,site02_neg03,C:\Users\Mathieu\Documents\New project\Stage_2A\data\exports_qgis\rgb\site02_neg03.png,C:\Users\Mathieu\Documents\New project\Stage_2A\data\exports_qgis\rgb_masque\site02_neg03_masque.png,3507,2480,3507,2480,ok
exports_qgis,rgb,site02_neg04,C:\Users\Mathieu\Documents\New project\Stage_2A\data\exports_qgis\rgb\site02_neg04.png,C:\Users\Mathieu\Documents\New project\Stage_2A\data\exports_qgis\rgb_masque\site02_neg04_masque.png,3507,2480,3507,2480,ok
exports_qgis,rgb,site02_neg05,C:\Users\Mathieu\Documents\New project\Stage_2A\data\exports_qgis\rgb\site02_neg05.png,C:\Users\Mathieu\Documents\New project\Stage_2A\data\exports_qgis\rgb_masque\site02_neg05_masque.png,3507,2480,3507,2480,ok
exports_qgis,rgb,site02_neg06,C:\Users\Mathieu\Documents\New project\Stage_2A\data\exports_qgis\rgb\site02_neg06.png,C:\Users\Mathieu\Documents\New project\Stage_2A\data\exports_qgis\rgb_masque\site02_neg06_masque.png,3507,2480,3507,2480,ok
exports_qgis,rgb,site02_neg07,C:\Users\Mathieu\Documents\New project\Stage_2A\data\exports_qgis\rgb\site02_neg07.png,C:\Users\Mathieu\Documents\New project\Stage_2A\data\exports_qgis\rgb_masque\site02_neg07_masque.png,3507,2480,3507,2480,ok
exports_qgis,rgb,site02_patch01,C:\Users\Mathieu\Documents\New project\Stage_2A\data\exports_qgis\rgb\site02_patch01.png,C:\Users\Mathieu\Documents\New project\Stage_2A\data\exports_qgis\rgb_masque\site02_patch01_masque.png,3507,2480,3507,2480,ok
exports_qgis,rgb,site02_patch02,C:\Users\Mathieu\Documents\New project\Stage_2A\data\exports_qgis\rgb\site02_patch02.png,C:\Users\Mathieu\Documents\New project\Stage_2A\data\exports_qgis\rgb_masque\site02_patch02_masque.png,3507,2480,3507,2480,ok
exports_qgis,rgb,site02_patch03,C:\Users\Mathieu\Documents\New project\Stage_2A\data\exports_qgis\rgb\site02_patch03.png,C:\Users\Mathieu\Documents\New project\Stage_2A\data\exports_qgis\rgb_masque\site02_patch03_masque.png,3507,2480,3507,2480,ok
exports_qgis,rgb,site02_patch04,C:\Users\Mathieu\Documents\New project\Stage_2A\data\exports_qgis\rgb\site02_patch04.png,C:\Users\Mathieu\Documents\New project\Stage_2A\data\exports_qgis\rgb_masque\site02_patch04_masque.png,3507,2480,3507,2480,ok
exports_qgis,rgb,site02_tres_large,C:\Users\Mathieu\Documents\New project\Stage_2A\data\exports_qgis\rgb\site02_tres_large.png,C:\Users\Mathieu\Documents\New project\Stage_2A\data\exports_qgis\rgb_masque\site02_tres_large_masque.png,3507,2480,3507,2480,ok
exports_qgis,rgb,site03_large,C:\Users\Mathieu\Documents\New project\Stage_2A\data\exports_qgis\rgb\site03_large.png,C:\Users\Mathieu\Documents\New project\Stage_2A\data\exports_qgis\rgb_masque\site03_large_masque.png,3507,2480,3507,2480,ok
exports_qgis,rgb,site03_neg01,C:\Users\Mathieu\Documents\New project\Stage_2A\data\exports_qgis\rgb\site03_neg01.png,C:\Users\Mathieu\Documents\New project\Stage_2A\data\exports_qgis\rgb_masque\site03_neg01_masque.png,3507,2480,3507,2480,ok
exports_qgis,rgb,site03_neg02,C:\Users\Mathieu\Documents\New project\Stage_2A\data\exports_qgis\rgb\site03_neg02.png,C:\Users\Mathieu\Documents\New project\Stage_2A\data\exports_qgis\rgb_masque\site03_neg02_masque.png,3507,2480,3507,2480,ok
exports_qgis,rgb,site03_neg03,C:\Users\Mathieu\Documents\New project\Stage_2A\data\exports_qgis\rgb\site03_neg03.png,C:\Users\Mathieu\Documents\New project\Stage_2A\data\exports_qgis\rgb_masque\site03_neg03_masque.png,3507,2480,3507,2480,ok
exports_qgis,rgb,site03_neg04,C:\Users\Mathieu\Documents\New project\Stage_2A\data\exports_qgis\rgb\site03_neg04.png,C:\Users\Mathieu\Documents\New project\Stage_2A\data\exports_qgis\rgb_masque\site03_neg04_masque.png,3507,2480,3507,2480,ok
exports_qgis,rgb,site03_neg05,C:\Users\Mathieu\Documents\New project\Stage_2A\data\exports_qgis\rgb\site03_neg05.png,C:\Users\Mathieu\Documents\New project\Stage_2A\data\exports_qgis\rgb_masque\site03_neg05_masque.png,3507,2480,3507,2480,ok
exports_qgis,rgb,site03_neg06,C:\Users\Mathieu\Documents\New project\Stage_2A\data\exports_qgis\rgb\site03_neg06.png,C:\Users\Mathieu\Documents\New project\Stage_2A\data\exports_qgis\rgb_masque\site03_neg06_masque.png,3507,2480,3507,2480,ok
exports_qgis,rgb,site03_patch01,C:\Users\Mathieu\Documents\New project\Stage_2A\data\exports_qgis\rgb\site03_patch01.png,C:\Users\Mathieu\Documents\New project\Stage_2A\data\exports_qgis\rgb_masque\site03_patch01_masque.png,3507,2480,3507,2480,ok
exports_qgis,rgb,site03_patch03,C:\Users\Mathieu\Documents\New project\Stage_2A\data\exports_qgis\rgb\site03_patch03.png,C:\Users\Mathieu\Documents\New project\Stage_2A\data\exports_qgis\rgb_masque\site03_patch03_masque.png,3507,2480,3507,2480,ok
exports_qgis,rgb,site03_patch04,C:\Users\Mathieu\Documents\New project\Stage_2A\data\exports_qgis\rgb\site03_patch04.png,C:\Users\Mathieu\Documents\New project\Stage_2A\data\exports_qgis\rgb_masque\site03_patch04_masque.png,3507,2480,3507,2480,ok
exports_qgis,rgb,site03_tres_large,C:\Users\Mathieu\Documents\New project\Stage_2A\data\exports_qgis\rgb\site03_tres_large.png,C:\Users\Mathieu\Documents\New project\Stage_2A\data\exports_qgis\rgb_masque\site03_tres_large_masque.png,3507,2480,3507,2480,ok
exports_qgis,rgb,site04_large,C:\Users\Mathieu\Documents\New project\Stage_2A\data\exports_qgis\rgb\site04_large.png,C:\Users\Mathieu\Documents\New project\Stage_2A\data\exports_qgis\rgb_masque\site04_large_masque.png,3507,2480,3507,2480,ok
exports_qgis,rgb,site04_neg01,C:\Users\Mathieu\Documents\New project\Stage_2A\data\exports_qgis\rgb\site04_neg01.png,C:\Users\Mathieu\Documents\New project\Stage_2A\data\exports_qgis\rgb_masque\site04_neg01_masque.png,3507,2480,3507,2480,ok
exports_qgis,rgb,site04_neg02,C:\Users\Mathieu\Documents\New project\Stage_2A\data\exports_qgis\rgb\site04_neg02.png,C:\Users\Mathieu\Documents\New project\Stage_2A\data\exports_qgis\rgb_masque\site04_neg02_masque.png,3507,2480,3507,2480,ok
exports_qgis,rgb,site04_neg03,C:\Users\Mathieu\Documents\New project\Stage_2A\data\exports_qgis\rgb\site04_neg03.png,C:\Users\Mathieu\Documents\New project\Stage_2A\data\exports_qgis\rgb_masque\site04_neg03_masque.png,3507,2480,3507,2480,ok
exports_qgis,rgb,site04_neg04,C:\Users\Mathieu\Documents\New project\Stage_2A\data\exports_qgis\rgb\site04_neg04.png,C:\Users\Mathieu\Documents\New project\Stage_2A\data\exports_qgis\rgb_masque\site04_neg04_masque.png,3507,2480,3507,2480,ok
exports_qgis,rgb,site04_neg05,C:\Users\Mathieu\Documents\New project\Stage_2A\data\exports_qgis\rgb\site04_neg05.png,C:\Users\Mathieu\Documents\New project\Stage_2A\data\exports_qgis\rgb_masque\site04_neg05_masque.png,3507,2480,3507,2480,ok
exports_qgis,rgb,site04_neg06,C:\Users\Mathieu\Documents\New project\Stage_2A\data\exports_qgis\rgb\site04_neg06.png,C:\Users\Mathieu\Documents\New project\Stage_2A\data\exports_qgis\rgb_masque\site04_neg06_masque.png,3507,2480,3507,2480,ok
exports_qgis,rgb,site04_patch01,C:\Users\Mathieu\Documents\New project\Stage_2A\data\exports_qgis\rgb\site04_patch01.png,C:\Users\Mathieu\Documents\New project\Stage_2A\data\exports_qgis\rgb_masque\site04_patch01_masque.png,3507,2480,3507,2480,ok
exports_qgis,rgb,site04_patch02,C:\Users\Mathieu\Documents\New project\Stage_2A\data\exports_qgis\rgb\site04_patch02.png,C:\Users\Mathieu\Documents\New project\Stage_2A\data\exports_qgis\rgb_masque\site04_patch02_masque.png,3507,2480,3507,2480,ok
exports_qgis,rgb,site04_patch03,C:\Users\Mathieu\Documents\New project\Stage_2A\data\exports_qgis\rgb\site04_patch03.png,C:\Users\Mathieu\Documents\New project\Stage_2A\data\exports_qgis\rgb_masque\site04_patch03_masque.png,3507,2480,3507,2480,ok
exports_qgis,rgb,site04_patch04,C:\Users\Mathieu\Documents\New project\Stage_2A\data\exports_qgis\rgb\site04_patch04.png,C:\Users\Mathieu\Documents\New project\Stage_2A\data\exports_qgis\rgb_masque\site04_patch04_masque.png,3507,2480,3507,2480,ok
exports_qgis,rgb,site04_patch05,C:\Users\Mathieu\Documents\New project\Stage_2A\data\exports_qgis\rgb\site04_patch05.png,C:\Users\Mathieu\Documents\New project\Stage_2A\data\exports_qgis\rgb_masque\site04_patch05_masque.png,3507,2480,3507,2480,ok
exports_qgis,rgb,site04_patch06,C:\Users\Mathieu\Documents\New project\Stage_2A\data\exports_qgis\rgb\site04_patch06.png,C:\Users\Mathieu\Documents\New project\Stage_2A\data\exports_qgis\rgb_masque\site04_patch06_masque.png,3507,2480,3507,2480,ok
exports_qgis,rgb,site04_tres_large,C:\Users\Mathieu\Documents\New project\Stage_2A\data\exports_qgis\rgb\site04_tres_large.png,C:\Users\Mathieu\Documents\New project\Stage_2A\data\exports_qgis\rgb_masque\site04_tres_large_masque.png,3507,2480,3507,2480,ok
exports_qgis,rgb,site05_large,C:\Users\Mathieu\Documents\New project\Stage_2A\data\exports_qgis\rgb\site05_large.png,C:\Users\Mathieu\Documents\New project\Stage_2A\data\exports_qgis\rgb_masque\site05_large_masque.png,3507,2480,3507,2480,ok
exports_qgis,rgb,site05_neg01,C:\Users\Mathieu\Documents\New project\Stage_2A\data\exports_qgis\rgb\site05_neg01.png,C:\Users\Mathieu\Documents\New project\Stage_2A\data\exports_qgis\rgb_masque\site05_neg01_masque.png,3507,2480,3507,2480,ok
exports_qgis,rgb,site05_neg02,C:\Users\Mathieu\Documents\New project\Stage_2A\data\exports_qgis\rgb\site05_neg02.png,C:\Users\Mathieu\Documents\New project\Stage_2A\data\exports_qgis\rgb_masque\site05_neg02_masque.png,3507,2480,3507,2480,ok
exports_qgis,rgb,site05_neg03,C:\Users\Mathieu\Documents\New project\Stage_2A\data\exports_qgis\rgb\site05_neg03.png,C:\Users\Mathieu\Documents\New project\Stage_2A\data\exports_qgis\rgb_masque\site05_neg03_masque.png,3507,2480,3507,2480,ok
exports_qgis,rgb,site05_neg04,C:\Users\Mathieu\Documents\New project\Stage_2A\data\exports_qgis\rgb\site05_neg04.png,C:\Users\Mathieu\Documents\New project\Stage_2A\data\exports_qgis\rgb_masque\site05_neg04_masque.png,3507,2480,3507,2480,ok
exports_qgis,rgb,site05_neg05,C:\Users\Mathieu\Documents\New project\Stage_2A\data\exports_qgis\rgb\site05_neg05.png,C:\Users\Mathieu\Documents\New project\Stage_2A\data\exports_qgis\rgb_masque\site05_neg05_masque.png,3507,2480,3507,2480,ok
exports_qgis,rgb,site05_patch01,C:\Users\Mathieu\Documents\New project\Stage_2A\data\exports_qgis\rgb\site05_patch01.png,C:\Users\Mathieu\Documents\New project\Stage_2A\data\exports_qgis\rgb_masque\site05_patch01_masque.png,3507,2480,3507,2480,ok
exports_qgis,rgb,site05_patch02,C:\Users\Mathieu\Documents\New project\Stage_2A\data\exports_qgis\rgb\site05_patch02.png,C:\Users\Mathieu\Documents\New project\Stage_2A\data\exports_qgis\rgb_masque\site05_patch02_masque.png,3507,2480,3507,2480,ok
exports_qgis,rgb,site05_patch03,C:\Users\Mathieu\Documents\New project\Stage_2A\data\exports_qgis\rgb\site05_patch03.png,C:\Users\Mathieu\Documents\New project\Stage_2A\data\exports_qgis\rgb_masque\site05_patch03_masque.png,3507,2480,3507,2480,ok
exports_qgis,rgb,site05_patch04,C:\Users\Mathieu\Documents\New project\Stage_2A\data\exports_qgis\rgb\site05_patch04.png,C:\Users\Mathieu\Documents\New project\Stage_2A\data\exports_qgis\rgb_masque\site05_patch04_masque.png,3507,2480,3507,2480,ok
exports_qgis,rgb,site05_patch05,C:\Users\Mathieu\Documents\New project\Stage_2A\data\exports_qgis\rgb\site05_patch05.png,C:\Users\Mathieu\Documents\New project\Stage_2A\data\exports_qgis\rgb_masque\site05_patch05_masque.png,3507,2480,3507,2480,ok
exports_qgis,rgb,site05_patch06,C:\Users\Mathieu\Documents\New project\Stage_2A\data\exports_qgis\rgb\site05_patch06.png,C:\Users\Mathieu\Documents\New project\Stage_2A\data\exports_qgis\rgb_masque\site05_patch06_masque.png,3507,2480,3507,2480,ok
exports_qgis,rgb,site05_tres_large,C:\Users\Mathieu\Documents\New project\Stage_2A\data\exports_qgis\rgb\site05_tres_large.png,C:\Users\Mathieu\Documents\New project\Stage_2A\data\exports_qgis\rgb_masque\site05_tres_large_masque.png,3507,2480,3507,2480,ok
exports_qgis,rgb,site06_large,C:\Users\Mathieu\Documents\New project\Stage_2A\data\exports_qgis\rgb\site06_large.png,C:\Users\Mathieu\Documents\New project\Stage_2A\data\exports_qgis\rgb_masque\site06_large_masque.png,3507,2480,3507,2480,ok
exports_qgis,rgb,site06_neg01,C:\Users\Mathieu\Documents\New project\Stage_2A\data\exports_qgis\rgb\site06_neg01.png,C:\Users\Mathieu\Documents\New project\Stage_2A\data\exports_qgis\rgb_masque\site06_neg01_masque.png,3507,2480,3507,2480,ok
exports_qgis,rgb,site06_neg02,C:\Users\Mathieu\Documents\New project\Stage_2A\data\exports_qgis\rgb\site06_neg02.png,C:\Users\Mathieu\Documents\New project\Stage_2A\data\exports_qgis\rgb_masque\site06_neg02_masque.png,3507,2480,3507,2480,ok
exports_qgis,rgb,site06_neg03,C:\Users\Mathieu\Documents\New project\Stage_2A\data\exports_qgis\rgb\site06_neg03.png,C:\Users\Mathieu\Documents\New project\Stage_2A\data\exports_qgis\rgb_masque\site06_neg03_masque.png,3507,2480,3507,2480,ok
exports_qgis,rgb,site06_neg04,C:\Users\Mathieu\Documents\New project\Stage_2A\data\exports_qgis\rgb\site06_neg04.png,C:\Users\Mathieu\Documents\New project\Stage_2A\data\exports_qgis\rgb_masque\site06_neg04_masque.png,3507,2480,3507,2480,ok
exports_qgis,rgb,site06_neg05,C:\Users\Mathieu\Documents\New project\Stage_2A\data\exports_qgis\rgb\site06_neg05.png,C:\Users\Mathieu\Documents\New project\Stage_2A\data\exports_qgis\rgb_masque\site06_neg05_masque.png,3507,2480,3507,2480,ok
exports_qgis,rgb,site06_neg06,C:\Users\Mathieu\Documents\New project\Stage_2A\data\exports_qgis\rgb\site06_neg06.png,C:\Users\Mathieu\Documents\New project\Stage_2A\data\exports_qgis\rgb_masque\site06_neg06_masque.png,3507,2480,3507,2480,ok
exports_qgis,rgb,site06_patch01,C:\Users\Mathieu\Documents\New project\Stage_2A\data\exports_qgis\rgb\site06_patch01.png,C:\Users\Mathieu\Documents\New project\Stage_2A\data\exports_qgis\rgb_masque\site06_patch01_masque.png,3507,2480,3507,2480,ok
exports_qgis,rgb,site06_patch02,C:\Users\Mathieu\Documents\New project\Stage_2A\data\exports_qgis\rgb\site06_patch02.png,C:\Users\Mathieu\Documents\New project\Stage_2A\data\exports_qgis\rgb_masque\site06_patch02_masque.png,3507,2480,3507,2480,ok
exports_qgis,rgb,site06_patch03,C:\Users\Mathieu\Documents\New project\Stage_2A\data\exports_qgis\rgb\site06_patch03.png,C:\Users\Mathieu\Documents\New project\Stage_2A\data\exports_qgis\rgb_masque\site06_patch03_masque.png,3507,2480,3507,2480,ok
exports_qgis,rgb,site06_tres_large,C:\Users\Mathieu\Documents\New project\Stage_2A\data\exports_qgis\rgb\site06_tres_large.png,C:\Users\Mathieu\Documents\New project\Stage_2A\data\exports_qgis\rgb_masque\site06_tres_large_masque.png,3507,2480,3507,2480,ok
exports_qgis,rgb,site07_large,C:\Users\Mathieu\Documents\New project\Stage_2A\data\exports_qgis\rgb\site07_large.png,C:\Users\Mathieu\Documents\New project\Stage_2A\data\exports_qgis\rgb_masque\site07_large_masque.png,3507,2480,3507,2480,ok
exports_qgis,rgb,site07_neg01,C:\Users\Mathieu\Documents\New project\Stage_2A\data\exports_qgis\rgb\site07_neg01.png,C:\Users\Mathieu\Documents\New project\Stage_2A\data\exports_qgis\rgb_masque\site07_neg01_masque.png,3507,2480,3507,2480,ok
exports_qgis,rgb,site07_neg02,C:\Users\Mathieu\Documents\New project\Stage_2A\data\exports_qgis\rgb\site07_neg02.png,C:\Users\Mathieu\Documents\New project\Stage_2A\data\exports_qgis\rgb_masque\site07_neg02_masque.png,3507,2480,3507,2480,ok
exports_qgis,rgb,site07_neg03,C:\Users\Mathieu\Documents\New project\Stage_2A\data\exports_qgis\rgb\site07_neg03.png,C:\Users\Mathieu\Documents\New project\Stage_2A\data\exports_qgis\rgb_masque\site07_neg03_masque.png,3507,2480,3507,2480,ok
exports_qgis,rgb,site07_neg04,C:\Users\Mathieu\Documents\New project\Stage_2A\data\exports_qgis\rgb\site07_neg04.png,C:\Users\Mathieu\Documents\New project\Stage_2A\data\exports_qgis\rgb_masque\site07_neg04_masque.png,3507,2480,3507,2480,ok
exports_qgis,rgb,site07_neg05,C:\Users\Mathieu\Documents\New project\Stage_2A\data\exports_qgis\rgb\site07_neg05.png,C:\Users\Mathieu\Documents\New project\Stage_2A\data\exports_qgis\rgb_masque\site07_neg05_masque.png,3507,2480,3507,2480,ok
exports_qgis,rgb,site07_patch01,C:\Users\Mathieu\Documents\New project\Stage_2A\data\exports_qgis\rgb\site07_patch01.png,C:\Users\Mathieu\Documents\New project\Stage_2A\data\exports_qgis\rgb_masque\site07_patch01_masque.png,3507,2480,3507,2480,ok
exports_qgis,rgb,site07_patch02,C:\Users\Mathieu\Documents\New project\Stage_2A\data\exports_qgis\rgb\site07_patch02.png,C:\Users\Mathieu\Documents\New project\Stage_2A\data\exports_qgis\rgb_masque\site07_patch02_masque.png,3507,2480,3507,2480,ok
exports_qgis,rgb,site07_patch03,C:\Users\Mathieu\Documents\New project\Stage_2A\data\exports_qgis\rgb\site07_patch03.png,C:\Users\Mathieu\Documents\New project\Stage_2A\data\exports_qgis\rgb_masque\site07_patch03_masque.png,3507,2480,3507,2480,ok
exports_qgis,rgb,site07_patch04,C:\Users\Mathieu\Documents\New project\Stage_2A\data\exports_qgis\rgb\site07_patch04.png,C:\Users\Mathieu\Documents\New project\Stage_2A\data\exports_qgis\rgb_masque\site07_patch04_masque.png,3507,2480,3507,2480,ok
exports_qgis,rgb,site08_large,C:\Users\Mathieu\Documents\New project\Stage_2A\data\exports_qgis\rgb\site08_large.png,C:\Users\Mathieu\Documents\New project\Stage_2A\data\exports_qgis\rgb_masque\site08_large_masque.png,3507,2480,3507,2480,ok
exports_qgis,rgb,site08_neg01,C:\Users\Mathieu\Documents\New project\Stage_2A\data\exports_qgis\rgb\site08_neg01.png,C:\Users\Mathieu\Documents\New project\Stage_2A\data\exports_qgis\rgb_masque\site08_neg01_masque.png,3507,2480,3507,2480,ok
exports_qgis,rgb,site08_neg02,C:\Users\Mathieu\Documents\New project\Stage_2A\data\exports_qgis\rgb\site08_neg02.png,C:\Users\Mathieu\Documents\New project\Stage_2A\data\exports_qgis\rgb_masque\site08_neg02_masque.png,3507,2480,3507,2480,ok
exports_qgis,rgb,site08_neg03,C:\Users\Mathieu\Documents\New project\Stage_2A\data\exports_qgis\rgb\site08_neg03.png,C:\Users\Mathieu\Documents\New project\Stage_2A\data\exports_qgis\rgb_masque\site08_neg03_masque.png,3507,2480,3507,2480,ok
exports_qgis,rgb,site08_neg04,C:\Users\Mathieu\Documents\New project\Stage_2A\data\exports_qgis\rgb\site08_neg04.png,C:\Users\Mathieu\Documents\New project\Stage_2A\data\exports_qgis\rgb_masque\site08_neg04_masque.png,3507,2480,3507,2480,ok
exports_qgis,rgb,site08_neg05,C:\Users\Mathieu\Documents\New project\Stage_2A\data\exports_qgis\rgb\site08_neg05.png,C:\Users\Mathieu\Documents\New project\Stage_2A\data\exports_qgis\rgb_masque\site08_neg05_masque.png,3507,2480,3507,2480,ok
exports_qgis,rgb,site08_patch01,C:\Users\Mathieu\Documents\New project\Stage_2A\data\exports_qgis\rgb\site08_patch01.png,C:\Users\Mathieu\Documents\New project\Stage_2A\data\exports_qgis\rgb_masque\site08_patch01_masque.png,3507,2480,3507,2480,ok
exports_qgis,rgb,site08_patch02,C:\Users\Mathieu\Documents\New project\Stage_2A\data\exports_qgis\rgb\site08_patch02.png,C:\Users\Mathieu\Documents\New project\Stage_2A\data\exports_qgis\rgb_masque\site08_patch02_masque.png,3507,2480,3507,2480,ok
exports_qgis,rgb,site08_patch03,C:\Users\Mathieu\Documents\New project\Stage_2A\data\exports_qgis\rgb\site08_patch03.png,C:\Users\Mathieu\Documents\New project\Stage_2A\data\exports_qgis\rgb_masque\site08_patch03_masque.png,3507,2480,3507,2480,ok
exports_qgis,rgb,site08_patch04,C:\Users\Mathieu\Documents\New project\Stage_2A\data\exports_qgis\rgb\site08_patch04.png,C:\Users\Mathieu\Documents\New project\Stage_2A\data\exports_qgis\rgb_masque\site08_patch04_masque.png,3507,2480,3507,2480,ok
exports_qgis,rgb,site09_neg01,C:\Users\Mathieu\Documents\New project\Stage_2A\data\exports_qgis\rgb\site09_neg01.png,C:\Users\Mathieu\Documents\New project\Stage_2A\data\exports_qgis\rgb_masque\site09_neg01_masque.png,3507,2480,3507,2480,ok
exports_qgis,rgb,site09_neg02,C:\Users\Mathieu\Documents\New project\Stage_2A\data\exports_qgis\rgb\site09_neg02.png,C:\Users\Mathieu\Documents\New project\Stage_2A\data\exports_qgis\rgb_masque\site09_neg02_masque.png,3507,2480,3507,2480,ok
exports_qgis,rgb,site09_neg03,C:\Users\Mathieu\Documents\New project\Stage_2A\data\exports_qgis\rgb\site09_neg03.png,C:\Users\Mathieu\Documents\New project\Stage_2A\data\exports_qgis\rgb_masque\site09_neg03_masque.png,3507,2480,3507,2480,ok
exports_qgis,rgb,site09_neg04,C:\Users\Mathieu\Documents\New project\Stage_2A\data\exports_qgis\rgb\site09_neg04.png,C:\Users\Mathieu\Documents\New project\Stage_2A\data\exports_qgis\rgb_masque\site09_neg04_masque.png,3507,2480,3507,2480,ok
exports_qgis,rgb,site09_neg05,C:\Users\Mathieu\Documents\New project\Stage_2A\data\exports_qgis\rgb\site09_neg05.png,C:\Users\Mathieu\Documents\New project\Stage_2A\data\exports_qgis\rgb_masque\site09_neg05_masque.png,3507,2480,3507,2480,ok
exports_qgis,rgb,site09_neg06,C:\Users\Mathieu\Documents\New project\Stage_2A\data\exports_qgis\rgb\site09_neg06.png,C:\Users\Mathieu\Documents\New project\Stage_2A\data\exports_qgis\rgb_masque\site09_neg06_masque.png,3507,2480,3507,2480,ok
exports_qgis,rgb,site09_patch01,C:\Users\Mathieu\Documents\New project\Stage_2A\data\exports_qgis\rgb\site09_patch01.png,C:\Users\Mathieu\Documents\New project\Stage_2A\data\exports_qgis\rgb_masque\site09_patch01_masque.png,3507,2480,3507,2480,ok
exports_qgis,rgb,site09_patch02,C:\Users\Mathieu\Documents\New project\Stage_2A\data\exports_qgis\rgb\site09_patch02.png,C:\Users\Mathieu\Documents\New project\Stage_2A\data\exports_qgis\rgb_masque\site09_patch02_masque.png,3507,2480,3507,2480,ok
exports_qgis,rgb,site09_patch03,C:\Users\Mathieu\Documents\New project\Stage_2A\data\exports_qgis\rgb\site09_patch03.png,C:\Users\Mathieu\Documents\New project\Stage_2A\data\exports_qgis\rgb_masque\site09_patch03_masque.png,3507,2480,3507,2480,ok
exports_qgis,rgb,site09_patch04,C:\Users\Mathieu\Documents\New project\Stage_2A\data\exports_qgis\rgb\site09_patch04.png,C:\Users\Mathieu\Documents\New project\Stage_2A\data\exports_qgis\rgb_masque\site09_patch04_masque.png,3507,2480,3507,2480,ok
exports_qgis,rgb,site10_large,C:\Users\Mathieu\Documents\New project\Stage_2A\data\exports_qgis\rgb\site10_large.png,C:\Users\Mathieu\Documents\New project\Stage_2A\data\exports_qgis\rgb_masque\site10_large_masque.png,3507,2480,3507,2480,ok
exports_qgis,rgb,site10_neg01,C:\Users\Mathieu\Documents\New project\Stage_2A\data\exports_qgis\rgb\site10_neg01.png,C:\Users\Mathieu\Documents\New project\Stage_2A\data\exports_qgis\rgb_masque\site10_neg01_masque.png,3507,2480,3507,2480,ok
exports_qgis,rgb,site10_neg02,C:\Users\Mathieu\Documents\New project\Stage_2A\data\exports_qgis\rgb\site10_neg02.png,C:\Users\Mathieu\Documents\New project\Stage_2A\data\exports_qgis\rgb_masque\site10_neg02_masque.png,3507,2480,3507,2480,ok
exports_qgis,rgb,site10_negO3,C:\Users\Mathieu\Documents\New project\Stage_2A\data\exports_qgis\rgb\site10_negO3.png,C:\Users\Mathieu\Documents\New project\Stage_2A\data\exports_qgis\rgb_masque\site10_negO3_masque.png,3507,2480,3507,2480,ok
exports_qgis,rgb,site10_negO4,C:\Users\Mathieu\Documents\New project\Stage_2A\data\exports_qgis\rgb\site10_negO4.png,C:\Users\Mathieu\Documents\New project\Stage_2A\data\exports_qgis\rgb_masque\site10_negO4_masque.png,3507,2480,3507,2480,ok
exports_qgis,rgb,site10_negO5,C:\Users\Mathieu\Documents\New project\Stage_2A\data\exports_qgis\rgb\site10_negO5.png,C:\Users\Mathieu\Documents\New project\Stage_2A\data\exports_qgis\rgb_masque\site10_negO5_masque.png,3507,2480,3507,2480,ok
exports_qgis,rgb,site10_patch01,C:\Users\Mathieu\Documents\New project\Stage_2A\data\exports_qgis\rgb\site10_patch01.png,C:\Users\Mathieu\Documents\New project\Stage_2A\data\exports_qgis\rgb_masque\site10_patch01_masque.png,3507,2480,3507,2480,ok
exports_qgis,rgb,site10_patch02,C:\Users\Mathieu\Documents\New project\Stage_2A\data\exports_qgis\rgb\site10_patch02.png,C:\Users\Mathieu\Documents\New project\Stage_2A\data\exports_qgis\rgb_masque\site10_patch02_masque.png,3507,2480,3507,2480,ok
exports_qgis,rgb,site10_patch03,C:\Users\Mathieu\Documents\New project\Stage_2A\data\exports_qgis\rgb\site10_patch03.png,C:\Users\Mathieu\Documents\New project\Stage_2A\data\exports_qgis\rgb_masque\site10_patch03_masque.png,3507,2480,3507,2480,ok
exports_qgis,rgb,site10_patch04,C:\Users\Mathieu\Documents\New project\Stage_2A\data\exports_qgis\rgb\site10_patch04.png,C:\Users\Mathieu\Documents\New project\Stage_2A\data\exports_qgis\rgb_masque\site10_patch04_masque.png,3507,2480,3507,2480,ok
exports_qgis,rgb,site11_large,C:\Users\Mathieu\Documents\New project\Stage_2A\data\exports_qgis\rgb\site11_large.png,C:\Users\Mathieu\Documents\New project\Stage_2A\data\exports_qgis\rgb_masque\site11_large_masque.png,3507,2480,3507,2480,ok
exports_qgis,rgb,site11_neg01,C:\Users\Mathieu\Documents\New project\Stage_2A\data\exports_qgis\rgb\site11_neg01.png,C:\Users\Mathieu\Documents\New project\Stage_2A\data\exports_qgis\rgb_masque\site11_neg01_masque.png,3507,2480,3507,2480,ok
exports_qgis,rgb,site11_neg02,C:\Users\Mathieu\Documents\New project\Stage_2A\data\exports_qgis\rgb\site11_neg02.png,C:\Users\Mathieu\Documents\New project\Stage_2A\data\exports_qgis\rgb_masque\site11_neg02_masque.png,3507,2480,3507,2480,ok
exports_qgis,rgb,site11_neg03,C:\Users\Mathieu\Documents\New project\Stage_2A\data\exports_qgis\rgb\site11_neg03.png,C:\Users\Mathieu\Documents\New project\Stage_2A\data\exports_qgis\rgb_masque\site11_neg03_masque.png,3507,2480,3507,2480,ok
exports_qgis,rgb,site11_neg04,C:\Users\Mathieu\Documents\New project\Stage_2A\data\exports_qgis\rgb\site11_neg04.png,C:\Users\Mathieu\Documents\New project\Stage_2A\data\exports_qgis\rgb_masque\site11_neg04_masque.png,3507,2480,3507,2480,ok
exports_qgis,rgb,site11_neg05,C:\Users\Mathieu\Documents\New project\Stage_2A\data\exports_qgis\rgb\site11_neg05.png,C:\Users\Mathieu\Documents\New project\Stage_2A\data\exports_qgis\rgb_masque\site11_neg05_masque.png,3507,2480,3507,2480,ok
exports_qgis,rgb,site11_neg06,C:\Users\Mathieu\Documents\New project\Stage_2A\data\exports_qgis\rgb\site11_neg06.png,C:\Users\Mathieu\Documents\New project\Stage_2A\data\exports_qgis\rgb_masque\site11_neg06_masque.png,3507,2480,3507,2480,ok
exports_qgis,rgb,site11_patch01,C:\Users\Mathieu\Documents\New project\Stage_2A\data\exports_qgis\rgb\site11_patch01.png,C:\Users\Mathieu\Documents\New project\Stage_2A\data\exports_qgis\rgb_masque\site11_patch01_masque.png,3507,2480,3507,2480,ok
exports_qgis,rgb,site11_patch02,C:\Users\Mathieu\Documents\New project\Stage_2A\data\exports_qgis\rgb\site11_patch02.png,C:\Users\Mathieu\Documents\New project\Stage_2A\data\exports_qgis\rgb_masque\site11_patch02_masque.png,3507,2480,3507,2480,ok
exports_qgis,rgb,site11_patch03,C:\Users\Mathieu\Documents\New project\Stage_2A\data\exports_qgis\rgb\site11_patch03.png,C:\Users\Mathieu\Documents\New project\Stage_2A\data\exports_qgis\rgb_masque\site11_patch03_masque.png,3507,2480,3507,2480,ok
exports_qgis,rgb,site11_patch04,C:\Users\Mathieu\Documents\New project\Stage_2A\data\exports_qgis\rgb\site11_patch04.png,C:\Users\Mathieu\Documents\New project\Stage_2A\data\exports_qgis\rgb_masque\site11_patch04_masque.png,3507,2480,3507,2480,ok
exports_qgis,rgb,site11_patch05,C:\Users\Mathieu\Documents\New project\Stage_2A\data\exports_qgis\rgb\site11_patch05.png,C:\Users\Mathieu\Documents\New project\Stage_2A\data\exports_qgis\rgb_masque\site11_patch05_masque.png,3507,2480,3507,2480,ok
exports_qgis,rgb,site12_large,C:\Users\Mathieu\Documents\New project\Stage_2A\data\exports_qgis\rgb\site12_large.png,C:\Users\Mathieu\Documents\New project\Stage_2A\data\exports_qgis\rgb_masque\site12_large_masque.png,3507,2480,3507,2480,ok
exports_qgis,rgb,site12_neg01,C:\Users\Mathieu\Documents\New project\Stage_2A\data\exports_qgis\rgb\site12_neg01.png,C:\Users\Mathieu\Documents\New project\Stage_2A\data\exports_qgis\rgb_masque\site12_neg01_masque.png,3507,2480,3507,2480,ok
exports_qgis,rgb,site12_neg02,C:\Users\Mathieu\Documents\New project\Stage_2A\data\exports_qgis\rgb\site12_neg02.png,C:\Users\Mathieu\Documents\New project\Stage_2A\data\exports_qgis\rgb_masque\site12_neg02_masque.png,3507,2480,3507,2480,ok
exports_qgis,rgb,site12_neg03,C:\Users\Mathieu\Documents\New project\Stage_2A\data\exports_qgis\rgb\site12_neg03.png,C:\Users\Mathieu\Documents\New project\Stage_2A\data\exports_qgis\rgb_masque\site12_neg03_masque.png,3507,2480,3507,2480,ok
exports_qgis,rgb,site12_neg04,C:\Users\Mathieu\Documents\New project\Stage_2A\data\exports_qgis\rgb\site12_neg04.png,C:\Users\Mathieu\Documents\New project\Stage_2A\data\exports_qgis\rgb_masque\site12_neg04_masque.png,3507,2480,3507,2480,ok
exports_qgis,rgb,site12_neg05,C:\Users\Mathieu\Documents\New project\Stage_2A\data\exports_qgis\rgb\site12_neg05.png,C:\Users\Mathieu\Documents\New project\Stage_2A\data\exports_qgis\rgb_masque\site12_neg05_masque.png,3507,2480,3507,2480,ok
exports_qgis,rgb,site12_neg06,C:\Users\Mathieu\Documents\New project\Stage_2A\data\exports_qgis\rgb\site12_neg06.png,C:\Users\Mathieu\Documents\New project\Stage_2A\data\exports_qgis\rgb_masque\site12_neg06_masque.png,3507,2480,3507,2480,ok
exports_qgis,rgb,site12_neg07,C:\Users\Mathieu\Documents\New project\Stage_2A\data\exports_qgis\rgb\site12_neg07.png,C:\Users\Mathieu\Documents\New project\Stage_2A\data\exports_qgis\rgb_masque\site12_neg07_masque.png,3507,2480,3507,2480,ok
exports_qgis,rgb,site12_neg08,C:\Users\Mathieu\Documents\New project\Stage_2A\data\exports_qgis\rgb\site12_neg08.png,C:\Users\Mathieu\Documents\New project\Stage_2A\data\exports_qgis\rgb_masque\site12_neg08_masque.png,3507,2480,3507,2480,ok
exports_qgis,rgb,site12_neg09,C:\Users\Mathieu\Documents\New project\Stage_2A\data\exports_qgis\rgb\site12_neg09.png,C:\Users\Mathieu\Documents\New project\Stage_2A\data\exports_qgis\rgb_masque\site12_neg09_masque.png,3507,2480,3507,2480,ok
exports_qgis,rgb,site12_neg10,C:\Users\Mathieu\Documents\New project\Stage_2A\data\exports_qgis\rgb\site12_neg10.png,C:\Users\Mathieu\Documents\New project\Stage_2A\data\exports_qgis\rgb_masque\site12_neg10_masque.png,3507,2480,3507,2480,ok
exports_qgis,rgb,site12_neg11,C:\Users\Mathieu\Documents\New project\Stage_2A\data\exports_qgis\rgb\site12_neg11.png,C:\Users\Mathieu\Documents\New project\Stage_2A\data\exports_qgis\rgb_masque\site12_neg11_masque.png,3507,2480,3507,2480,ok
exports_qgis,rgb,site12_patch01,C:\Users\Mathieu\Documents\New project\Stage_2A\data\exports_qgis\rgb\site12_patch01.png,C:\Users\Mathieu\Documents\New project\Stage_2A\data\exports_qgis\rgb_masque\site12_patch01_masque.png,3507,2480,3507,2480,ok
exports_qgis,rgb,site12_patch02,C:\Users\Mathieu\Documents\New project\Stage_2A\data\exports_qgis\rgb\site12_patch02.png,C:\Users\Mathieu\Documents\New project\Stage_2A\data\exports_qgis\rgb_masque\site12_patch02_masque.png,3507,2480,3507,2480,ok
exports_qgis,rgb,site12_patch03,C:\Users\Mathieu\Documents\New project\Stage_2A\data\exports_qgis\rgb\site12_patch03.png,C:\Users\Mathieu\Documents\New project\Stage_2A\data\exports_qgis\rgb_masque\site12_patch03_masque.png,3507,2480,3507,2480,ok
exports_qgis,rgb,site12_patch04,C:\Users\Mathieu\Documents\New project\Stage_2A\data\exports_qgis\rgb\site12_patch04.png,C:\Users\Mathieu\Documents\New project\Stage_2A\data\exports_qgis\rgb_masque\site12_patch04_masque.png,3507,2480,3507,2480,ok
exports_qgis,rgb,site12_patch05,C:\Users\Mathieu\Documents\New project\Stage_2A\data\exports_qgis\rgb\site12_patch05.png,C:\Users\Mathieu\Documents\New project\Stage_2A\data\exports_qgis\rgb_masque\site12_patch05_masque.png,3507,2480,3507,2480,ok
exports_qgis,rgb,site13_large,C:\Users\Mathieu\Documents\New project\Stage_2A\data\exports_qgis\rgb\site13_large.png,C:\Users\Mathieu\Documents\New project\Stage_2A\data\exports_qgis\rgb_masque\site13_large_masque.png,3507,2480,3507,2480,ok
exports_qgis,rgb,site13_neg01,C:\Users\Mathieu\Documents\New project\Stage_2A\data\exports_qgis\rgb\site13_neg01.png,C:\Users\Mathieu\Documents\New project\Stage_2A\data\exports_qgis\rgb_masque\site13_neg01_masque.png,3507,2480,3507,2480,ok
exports_qgis,rgb,site13_neg02,C:\Users\Mathieu\Documents\New project\Stage_2A\data\exports_qgis\rgb\site13_neg02.png,C:\Users\Mathieu\Documents\New project\Stage_2A\data\exports_qgis\rgb_masque\site13_neg02_masque.png,3507,2480,3507,2480,ok
exports_qgis,rgb,site13_neg03,C:\Users\Mathieu\Documents\New project\Stage_2A\data\exports_qgis\rgb\site13_neg03.png,C:\Users\Mathieu\Documents\New project\Stage_2A\data\exports_qgis\rgb_masque\site13_neg03_masque.png,3507,2480,3507,2480,ok
exports_qgis,rgb,site13_neg04,C:\Users\Mathieu\Documents\New project\Stage_2A\data\exports_qgis\rgb\site13_neg04.png,C:\Users\Mathieu\Documents\New project\Stage_2A\data\exports_qgis\rgb_masque\site13_neg04_masque.png,3507,2480,3507,2480,ok
exports_qgis,rgb,site13_neg05,C:\Users\Mathieu\Documents\New project\Stage_2A\data\exports_qgis\rgb\site13_neg05.png,C:\Users\Mathieu\Documents\New project\Stage_2A\data\exports_qgis\rgb_masque\site13_neg05_masque.png,3507,2480,3507,2480,ok
exports_qgis,rgb,site13_neg06,C:\Users\Mathieu\Documents\New project\Stage_2A\data\exports_qgis\rgb\site13_neg06.png,C:\Users\Mathieu\Documents\New project\Stage_2A\data\exports_qgis\rgb_masque\site13_neg06_masque.png,3507,2480,3507,2480,ok
exports_qgis,rgb,site13_neg07,C:\Users\Mathieu\Documents\New project\Stage_2A\data\exports_qgis\rgb\site13_neg07.png,C:\Users\Mathieu\Documents\New project\Stage_2A\data\exports_qgis\rgb_masque\site13_neg07_masque.png,3507,2480,3507,2480,ok
exports_qgis,rgb,site13_neg08,C:\Users\Mathieu\Documents\New project\Stage_2A\data\exports_qgis\rgb\site13_neg08.png,C:\Users\Mathieu\Documents\New project\Stage_2A\data\exports_qgis\rgb_masque\site13_neg08_masque.png,3507,2480,3507,2480,ok
exports_qgis,rgb,site13_neg09,C:\Users\Mathieu\Documents\New project\Stage_2A\data\exports_qgis\rgb\site13_neg09.png,C:\Users\Mathieu\Documents\New project\Stage_2A\data\exports_qgis\rgb_masque\site13_neg09_masque.png,3507,2480,3507,2480,ok
exports_qgis,rgb,site13_neg10,C:\Users\Mathieu\Documents\New project\Stage_2A\data\exports_qgis\rgb\site13_neg10.png,C:\Users\Mathieu\Documents\New project\Stage_2A\data\exports_qgis\rgb_masque\site13_neg10_masque.png,3507,2480,3507,2480,ok
exports_qgis,rgb,site13_patch01,C:\Users\Mathieu\Documents\New project\Stage_2A\data\exports_qgis\rgb\site13_patch01.png,C:\Users\Mathieu\Documents\New project\Stage_2A\data\exports_qgis\rgb_masque\site13_patch01_masque.png,3507,2480,3507,2480,ok
exports_qgis,rgb,site13_patch02,C:\Users\Mathieu\Documents\New project\Stage_2A\data\exports_qgis\rgb\site13_patch02.png,C:\Users\Mathieu\Documents\New project\Stage_2A\data\exports_qgis\rgb_masque\site13_patch02_masque.png,3507,2480,3507,2480,ok
exports_qgis,rgb,site14_large,C:\Users\Mathieu\Documents\New project\Stage_2A\data\exports_qgis\rgb\site14_large.png,C:\Users\Mathieu\Documents\New project\Stage_2A\data\exports_qgis\rgb_masque\site14_large_masque.png,3507,2480,3507,2480,ok
exports_qgis,rgb,site14_neg01,C:\Users\Mathieu\Documents\New project\Stage_2A\data\exports_qgis\rgb\site14_neg01.png,C:\Users\Mathieu\Documents\New project\Stage_2A\data\exports_qgis\rgb_masque\site14_neg01_masque.png,3507,2480,3507,2480,ok
exports_qgis,rgb,site14_neg02,C:\Users\Mathieu\Documents\New project\Stage_2A\data\exports_qgis\rgb\site14_neg02.png,C:\Users\Mathieu\Documents\New project\Stage_2A\data\exports_qgis\rgb_masque\site14_neg02_masque.png,3507,2480,3507,2480,ok
exports_qgis,rgb,site14_neg03,C:\Users\Mathieu\Documents\New project\Stage_2A\data\exports_qgis\rgb\site14_neg03.png,C:\Users\Mathieu\Documents\New project\Stage_2A\data\exports_qgis\rgb_masque\site14_neg03_masque.png,3507,2480,3507,2480,ok
exports_qgis,rgb,site14_neg04,C:\Users\Mathieu\Documents\New project\Stage_2A\data\exports_qgis\rgb\site14_neg04.png,C:\Users\Mathieu\Documents\New project\Stage_2A\data\exports_qgis\rgb_masque\site14_neg04_masque.png,3507,2480,3507,2480,ok
exports_qgis,rgb,site14_neg05,C:\Users\Mathieu\Documents\New project\Stage_2A\data\exports_qgis\rgb\site14_neg05.png,C:\Users\Mathieu\Documents\New project\Stage_2A\data\exports_qgis\rgb_masque\site14_neg05_masque.png,3507,2480,3507,2480,ok
exports_qgis,rgb,site14_neg06,C:\Users\Mathieu\Documents\New project\Stage_2A\data\exports_qgis\rgb\site14_neg06.png,C:\Users\Mathieu\Documents\New project\Stage_2A\data\exports_qgis\rgb_masque\site14_neg06_masque.png,3507,2480,3507,2480,ok
exports_qgis,rgb,site14_neg07,C:\Users\Mathieu\Documents\New project\Stage_2A\data\exports_qgis\rgb\site14_neg07.png,C:\Users\Mathieu\Documents\New project\Stage_2A\data\exports_qgis\rgb_masque\site14_neg07_masque.png,3507,2480,3507,2480,ok
exports_qgis,rgb,site14_patch01,C:\Users\Mathieu\Documents\New project\Stage_2A\data\exports_qgis\rgb\site14_patch01.png,C:\Users\Mathieu\Documents\New project\Stage_2A\data\exports_qgis\rgb_masque\site14_patch01_masque.png,3507,2480,3507,2480,ok
exports_qgis,rgb,site14_patch02,C:\Users\Mathieu\Documents\New project\Stage_2A\data\exports_qgis\rgb\site14_patch02.png,C:\Users\Mathieu\Documents\New project\Stage_2A\data\exports_qgis\rgb_masque\site14_patch02_masque.png,3507,2480,3507,2480,ok
exports_qgis,rgb,site14_patch03,C:\Users\Mathieu\Documents\New project\Stage_2A\data\exports_qgis\rgb\site14_patch03.png,C:\Users\Mathieu\Documents\New project\Stage_2A\data\exports_qgis\rgb_masque\site14_patch03_masque.png,3507,2480,3507,2480,ok
exports_qgis,rgb,site14_patch04,C:\Users\Mathieu\Documents\New project\Stage_2A\data\exports_qgis\rgb\site14_patch04.png,C:\Users\Mathieu\Documents\New project\Stage_2A\data\exports_qgis\rgb_masque\site14_patch04_masque.png,3507,2480,3507,2480,ok
exports_qgis,rgb,site14_patch05,C:\Users\Mathieu\Documents\New project\Stage_2A\data\exports_qgis\rgb\site14_patch05.png,C:\Users\Mathieu\Documents\New project\Stage_2A\data\exports_qgis\rgb_masque\site14_patch05_masque.png,3507,2480,3507,2480,ok
exports_qgis,rgb,site15_neg02,C:\Users\Mathieu\Documents\New project\Stage_2A\data\exports_qgis\rgb\site15_neg02.png,C:\Users\Mathieu\Documents\New project\Stage_2A\data\exports_qgis\rgb_masque\site15_neg02_masque.png,2988,2480,3507,2480,size_mismatch
exports_qgis,rgb,site15_neg03,C:\Users\Mathieu\Documents\New project\Stage_2A\data\exports_qgis\rgb\site15_neg03.png,C:\Users\Mathieu\Documents\New project\Stage_2A\data\exports_qgis\rgb_masque\site15_neg03_masque.png,3507,2480,3507,2480,ok
exports_qgis,rgb,site15_neg04,C:\Users\Mathieu\Documents\New project\Stage_2A\data\exports_qgis\rgb\site15_neg04.png,C:\Users\Mathieu\Documents\New project\Stage_2A\data\exports_qgis\rgb_masque\site15_neg04_masque.png,3507,2480,3507,2480,ok
exports_qgis,rgb,site15_neg06,C:\Users\Mathieu\Documents\New project\Stage_2A\data\exports_qgis\rgb\site15_neg06.png,C:\Users\Mathieu\Documents\New project\Stage_2A\data\exports_qgis\rgb_masque\site15_neg06_masque.png,3507,2480,3507,2480,ok
exports_qgis,rgb,site15_neg07,C:\Users\Mathieu\Documents\New project\Stage_2A\data\exports_qgis\rgb\site15_neg07.png,C:\Users\Mathieu\Documents\New project\Stage_2A\data\exports_qgis\rgb_masque\site15_neg07_masque.png,3507,2480,3507,2480,ok
exports_qgis,rgb,site15_neg08,C:\Users\Mathieu\Documents\New project\Stage_2A\data\exports_qgis\rgb\site15_neg08.png,C:\Users\Mathieu\Documents\New project\Stage_2A\data\exports_qgis\rgb_masque\site15_neg08_masque.png,3507,2480,3507,2480,ok
exports_qgis,rgb,site15_neg09,C:\Users\Mathieu\Documents\New project\Stage_2A\data\exports_qgis\rgb\site15_neg09.png,C:\Users\Mathieu\Documents\New project\Stage_2A\data\exports_qgis\rgb_masque\site15_neg09_masque.png,3507,2480,3507,2480,ok
exports_qgis,rgb,site15_patch01,C:\Users\Mathieu\Documents\New project\Stage_2A\data\exports_qgis\rgb\site15_patch01.png,C:\Users\Mathieu\Documents\New project\Stage_2A\data\exports_qgis\rgb_masque\site15_patch01_masque.png,3507,2480,3507,2480,ok
exports_qgis,rgb,site15_patch02,C:\Users\Mathieu\Documents\New project\Stage_2A\data\exports_qgis\rgb\site15_patch02.png,C:\Users\Mathieu\Documents\New project\Stage_2A\data\exports_qgis\rgb_masque\site15_patch02_masque.png,3507,2480,3507,2480,ok
exports_qgis,rgb,site15_patch03,C:\Users\Mathieu\Documents\New project\Stage_2A\data\exports_qgis\rgb\site15_patch03.png,C:\Users\Mathieu\Documents\New project\Stage_2A\data\exports_qgis\rgb_masque\site15_patch03_masque.png,3507,2480,3507,2480,ok
exports_qgis,lidar,sit15_neg01_lidar,,C:\Users\Mathieu\Documents\New project\Stage_2A\data\exports_qgis\lidar_masque\sit15_neg01_lidar_masque.png,,,3507,2480,missing_clean_image
exports_qgis,lidar,site01_large_lidar,C:\Users\Mathieu\Documents\New project\Stage_2A\data\exports_qgis\lidar\site01_large_lidar.png,C:\Users\Mathieu\Documents\New project\Stage_2A\data\exports_qgis\lidar_masque\site01_large_lidar_masque.png,3507,2480,3507,2480,ok
exports_qgis,lidar,site01_neg02_lidar,C:\Users\Mathieu\Documents\New project\Stage_2A\data\exports_qgis\lidar\site01_neg02_lidar.png,C:\Users\Mathieu\Documents\New project\Stage_2A\data\exports_qgis\lidar_masque\site01_neg02_lidar_masque.png,3507,2480,3507,2480,ok
exports_qgis,lidar,site01_neg03_lidar,C:\Users\Mathieu\Documents\New project\Stage_2A\data\exports_qgis\lidar\site01_neg03_lidar.png,C:\Users\Mathieu\Documents\New project\Stage_2A\data\exports_qgis\lidar_masque\site01_neg03_lidar_masque.png,3507,2480,3507,2480,ok
exports_qgis,lidar,site01_neg04_lidar,C:\Users\Mathieu\Documents\New project\Stage_2A\data\exports_qgis\lidar\site01_neg04_lidar.png,C:\Users\Mathieu\Documents\New project\Stage_2A\data\exports_qgis\lidar_masque\site01_neg04_lidar_masque.png,3507,2480,3507,2480,ok
exports_qgis,lidar,site01_neg05_lidar,C:\Users\Mathieu\Documents\New project\Stage_2A\data\exports_qgis\lidar\site01_neg05_lidar.png,C:\Users\Mathieu\Documents\New project\Stage_2A\data\exports_qgis\lidar_masque\site01_neg05_lidar_masque.png,3507,2480,3507,2480,ok
exports_qgis,lidar,site01_neg06_lidar,C:\Users\Mathieu\Documents\New project\Stage_2A\data\exports_qgis\lidar\site01_neg06_lidar.png,C:\Users\Mathieu\Documents\New project\Stage_2A\data\exports_qgis\lidar_masque\site01_neg06_lidar_masque.png,3507,2480,3507,2480,ok
exports_qgis,lidar,site01_neg07_lidar,C:\Users\Mathieu\Documents\New project\Stage_2A\data\exports_qgis\lidar\site01_neg07_lidar.png,C:\Users\Mathieu\Documents\New project\Stage_2A\data\exports_qgis\lidar_masque\site01_neg07_lidar_masque.png,3507,2480,3507,2480,ok
exports_qgis,lidar,site01_patch01_lidar,C:\Users\Mathieu\Documents\New project\Stage_2A\data\exports_qgis\lidar\site01_patch01_lidar.png,C:\Users\Mathieu\Documents\New project\Stage_2A\data\exports_qgis\lidar_masque\site01_patch01_lidar_masque.png,3507,2480,3507,2480,ok
exports_qgis,lidar,site01_patch02_lidar,C:\Users\Mathieu\Documents\New project\Stage_2A\data\exports_qgis\lidar\site01_patch02_lidar.png,C:\Users\Mathieu\Documents\New project\Stage_2A\data\exports_qgis\lidar_masque\site01_patch02_lidar_masque.png,3507,2480,3507,2480,ok
exports_qgis,lidar,site01_patch03_lidar,C:\Users\Mathieu\Documents\New project\Stage_2A\data\exports_qgis\lidar\site01_patch03_lidar.png,C:\Users\Mathieu\Documents\New project\Stage_2A\data\exports_qgis\lidar_masque\site01_patch03_lidar_masque.png,3507,2480,3507,2480,ok
exports_qgis,lidar,site01_patch04_lidar,C:\Users\Mathieu\Documents\New project\Stage_2A\data\exports_qgis\lidar\site01_patch04_lidar.png,C:\Users\Mathieu\Documents\New project\Stage_2A\data\exports_qgis\lidar_masque\site01_patch04_lidar_masque.png,3507,2480,3507,2480,ok
exports_qgis,lidar,site01_patch05_lidar,C:\Users\Mathieu\Documents\New project\Stage_2A\data\exports_qgis\lidar\site01_patch05_lidar.png,C:\Users\Mathieu\Documents\New project\Stage_2A\data\exports_qgis\lidar_masque\site01_patch05_lidar_masque.png,3507,2480,3507,2480,ok
exports_qgis,lidar,site01_tres_large_lidar,C:\Users\Mathieu\Documents\New project\Stage_2A\data\exports_qgis\lidar\site01_tres_large_lidar.png,C:\Users\Mathieu\Documents\New project\Stage_2A\data\exports_qgis\lidar_masque\site01_tres_large_lidar_masque.png,3507,2480,3507,2480,ok
exports_qgis,lidar,site02_large_lidar,C:\Users\Mathieu\Documents\New project\Stage_2A\data\exports_qgis\lidar\site02_large_lidar.png,C:\Users\Mathieu\Documents\New project\Stage_2A\data\exports_qgis\lidar_masque\site02_large_lidar_masque.png,3507,2480,3507,2480,ok
exports_qgis,lidar,site02_neg01_lidar,C:\Users\Mathieu\Documents\New project\Stage_2A\data\exports_qgis\lidar\site02_neg01_lidar.png,C:\Users\Mathieu\Documents\New project\Stage_2A\data\exports_qgis\lidar_masque\site02_neg01_lidar_masque.png,3507,2480,3507,2480,ok
exports_qgis,lidar,site02_neg02_lidar,C:\Users\Mathieu\Documents\New project\Stage_2A\data\exports_qgis\lidar\site02_neg02_lidar.png,C:\Users\Mathieu\Documents\New project\Stage_2A\data\exports_qgis\lidar_masque\site02_neg02_lidar_masque.png,3507,2480,3507,2480,ok
exports_qgis,lidar,site02_neg03_lidar,C:\Users\Mathieu\Documents\New project\Stage_2A\data\exports_qgis\lidar\site02_neg03_lidar.png,C:\Users\Mathieu\Documents\New project\Stage_2A\data\exports_qgis\lidar_masque\site02_neg03_lidar_masque.png,3507,2480,3507,2480,ok
exports_qgis,lidar,site02_neg04_lidar,C:\Users\Mathieu\Documents\New project\Stage_2A\data\exports_qgis\lidar\site02_neg04_lidar.png,C:\Users\Mathieu\Documents\New project\Stage_2A\data\exports_qgis\lidar_masque\site02_neg04_lidar_masque.png,3507,2480,3507,2480,ok
exports_qgis,lidar,site02_neg05_lidar,C:\Users\Mathieu\Documents\New project\Stage_2A\data\exports_qgis\lidar\site02_neg05_lidar.png,C:\Users\Mathieu\Documents\New project\Stage_2A\data\exports_qgis\lidar_masque\site02_neg05_lidar_masque.png,3507,2480,3507,2480,ok
exports_qgis,lidar,site02_neg06_lidar,C:\Users\Mathieu\Documents\New project\Stage_2A\data\exports_qgis\lidar\site02_neg06_lidar.png,C:\Users\Mathieu\Documents\New project\Stage_2A\data\exports_qgis\lidar_masque\site02_neg06_lidar_masque.png,3507,2480,3507,2480,ok
exports_qgis,lidar,site02_neg07_lidar,C:\Users\Mathieu\Documents\New project\Stage_2A\data\exports_qgis\lidar\site02_neg07_lidar.png,C:\Users\Mathieu\Documents\New project\Stage_2A\data\exports_qgis\lidar_masque\site02_neg07_lidar_masque.png,3507,2480,3507,2480,ok
exports_qgis,lidar,site02_patch01_lidar,C:\Users\Mathieu\Documents\New project\Stage_2A\data\exports_qgis\lidar\site02_patch01_lidar.png,C:\Users\Mathieu\Documents\New project\Stage_2A\data\exports_qgis\lidar_masque\site02_patch01_lidar_masque.png,3507,2480,3507,2480,ok
exports_qgis,lidar,site02_patch02_lidar,C:\Users\Mathieu\Documents\New project\Stage_2A\data\exports_qgis\lidar\site02_patch02_lidar.png,C:\Users\Mathieu\Documents\New project\Stage_2A\data\exports_qgis\lidar_masque\site02_patch02_lidar_masque.png,3507,2480,3507,2480,ok
exports_qgis,lidar,site02_patch03_lidar,C:\Users\Mathieu\Documents\New project\Stage_2A\data\exports_qgis\lidar\site02_patch03_lidar.png,C:\Users\Mathieu\Documents\New project\Stage_2A\data\exports_qgis\lidar_masque\site02_patch03_lidar_masque.png,3507,2480,3507,2480,ok
exports_qgis,lidar,site02_patch04_lidar,C:\Users\Mathieu\Documents\New project\Stage_2A\data\exports_qgis\lidar\site02_patch04_lidar.png,C:\Users\Mathieu\Documents\New project\Stage_2A\data\exports_qgis\lidar_masque\site02_patch04_lidar_masque.png,3507,2480,3507,2480,ok
exports_qgis,lidar,site02_tres_large_lidar,C:\Users\Mathieu\Documents\New project\Stage_2A\data\exports_qgis\lidar\site02_tres_large_lidar.png,C:\Users\Mathieu\Documents\New project\Stage_2A\data\exports_qgis\lidar_masque\site02_tres_large_lidar_masque.png,3507,2480,3507,2480,ok
exports_qgis,lidar,site03_large_lidar,C:\Users\Mathieu\Documents\New project\Stage_2A\data\exports_qgis\lidar\site03_large_lidar.png,C:\Users\Mathieu\Documents\New project\Stage_2A\data\exports_qgis\lidar_masque\site03_large_lidar_masque.png,3507,2480,3507,2480,ok
exports_qgis,lidar,site03_neg01_lidar,C:\Users\Mathieu\Documents\New project\Stage_2A\data\exports_qgis\lidar\site03_neg01_lidar.png,C:\Users\Mathieu\Documents\New project\Stage_2A\data\exports_qgis\lidar_masque\site03_neg01_lidar_masque.png,3507,2480,3507,2480,ok
exports_qgis,lidar,site03_neg02_lidar,C:\Users\Mathieu\Documents\New project\Stage_2A\data\exports_qgis\lidar\site03_neg02_lidar.png,C:\Users\Mathieu\Documents\New project\Stage_2A\data\exports_qgis\lidar_masque\site03_neg02_lidar_masque.png,3507,2480,3507,2480,ok
exports_qgis,lidar,site03_neg03_lidar,C:\Users\Mathieu\Documents\New project\Stage_2A\data\exports_qgis\lidar\site03_neg03_lidar.png,C:\Users\Mathieu\Documents\New project\Stage_2A\data\exports_qgis\lidar_masque\site03_neg03_lidar_masque.png,3507,2480,3507,2480,ok
exports_qgis,lidar,site03_neg04_lidar,C:\Users\Mathieu\Documents\New project\Stage_2A\data\exports_qgis\lidar\site03_neg04_lidar.png,C:\Users\Mathieu\Documents\New project\Stage_2A\data\exports_qgis\lidar_masque\site03_neg04_lidar_masque.png,3507,2480,3507,2480,ok
exports_qgis,lidar,site03_neg05_lidar,C:\Users\Mathieu\Documents\New project\Stage_2A\data\exports_qgis\lidar\site03_neg05_lidar.png,C:\Users\Mathieu\Documents\New project\Stage_2A\data\exports_qgis\lidar_masque\site03_neg05_lidar_masque.png,3507,2480,3507,2480,ok
exports_qgis,lidar,site03_neg06_lidar,C:\Users\Mathieu\Documents\New project\Stage_2A\data\exports_qgis\lidar\site03_neg06_lidar.png,C:\Users\Mathieu\Documents\New project\Stage_2A\data\exports_qgis\lidar_masque\site03_neg06_lidar_masque.png,3507,2480,3507,2480,ok
exports_qgis,lidar,site03_patch01_lidar,C:\Users\Mathieu\Documents\New project\Stage_2A\data\exports_qgis\lidar\site03_patch01_lidar.png,C:\Users\Mathieu\Documents\New project\Stage_2A\data\exports_qgis\lidar_masque\site03_patch01_lidar_masque.png,3507,2480,3507,2480,ok
exports_qgis,lidar,site03_patch03_lidar,C:\Users\Mathieu\Documents\New project\Stage_2A\data\exports_qgis\lidar\site03_patch03_lidar.png,C:\Users\Mathieu\Documents\New project\Stage_2A\data\exports_qgis\lidar_masque\site03_patch03_lidar_masque.png,3507,2480,3507,2480,ok
exports_qgis,lidar,site03_patch04_lidar,C:\Users\Mathieu\Documents\New project\Stage_2A\data\exports_qgis\lidar\site03_patch04_lidar.png,C:\Users\Mathieu\Documents\New project\Stage_2A\data\exports_qgis\lidar_masque\site03_patch04_lidar_masque.png,3507,2480,3507,2480,ok
exports_qgis,lidar,site03_tres_large_lidar,C:\Users\Mathieu\Documents\New project\Stage_2A\data\exports_qgis\lidar\site03_tres_large_lidar.png,C:\Users\Mathieu\Documents\New project\Stage_2A\data\exports_qgis\lidar_masque\site03_tres_large_lidar_masque.png,3507,2480,3507,2480,ok
exports_qgis,lidar,site04_large_lidar,C:\Users\Mathieu\Documents\New project\Stage_2A\data\exports_qgis\lidar\site04_large_lidar.png,C:\Users\Mathieu\Documents\New project\Stage_2A\data\exports_qgis\lidar_masque\site04_large_lidar_masque.png,3507,2480,3507,2480,ok
exports_qgis,lidar,site04_neg01_lidar,C:\Users\Mathieu\Documents\New project\Stage_2A\data\exports_qgis\lidar\site04_neg01_lidar.png,C:\Users\Mathieu\Documents\New project\Stage_2A\data\exports_qgis\lidar_masque\site04_neg01_lidar_masque.png,3507,2480,3507,2480,ok
exports_qgis,lidar,site04_neg02_lidar,C:\Users\Mathieu\Documents\New project\Stage_2A\data\exports_qgis\lidar\site04_neg02_lidar.png,C:\Users\Mathieu\Documents\New project\Stage_2A\data\exports_qgis\lidar_masque\site04_neg02_lidar_masque.png,3507,2480,3507,2480,ok
exports_qgis,lidar,site04_neg03_lidar,C:\Users\Mathieu\Documents\New project\Stage_2A\data\exports_qgis\lidar\site04_neg03_lidar.png,C:\Users\Mathieu\Documents\New project\Stage_2A\data\exports_qgis\lidar_masque\site04_neg03_lidar_masque.png,3507,2480,3507,2480,ok
exports_qgis,lidar,site04_neg04_lidar,C:\Users\Mathieu\Documents\New project\Stage_2A\data\exports_qgis\lidar\site04_neg04_lidar.png,C:\Users\Mathieu\Documents\New project\Stage_2A\data\exports_qgis\lidar_masque\site04_neg04_lidar_masque.png,3507,2480,3507,2480,ok
exports_qgis,lidar,site04_neg05_lidar,C:\Users\Mathieu\Documents\New project\Stage_2A\data\exports_qgis\lidar\site04_neg05_lidar.png,C:\Users\Mathieu\Documents\New project\Stage_2A\data\exports_qgis\lidar_masque\site04_neg05_lidar_masque.png,3507,2480,3507,2480,ok
exports_qgis,lidar,site04_neg06_lidar,C:\Users\Mathieu\Documents\New project\Stage_2A\data\exports_qgis\lidar\site04_neg06_lidar.png,C:\Users\Mathieu\Documents\New project\Stage_2A\data\exports_qgis\lidar_masque\site04_neg06_lidar_masque.png,3507,2480,3507,2480,ok
exports_qgis,lidar,site04_patch01_lidar,C:\Users\Mathieu\Documents\New project\Stage_2A\data\exports_qgis\lidar\site04_patch01_lidar.png,C:\Users\Mathieu\Documents\New project\Stage_2A\data\exports_qgis\lidar_masque\site04_patch01_lidar_masque.png,3507,2480,3507,2480,ok
exports_qgis,lidar,site04_patch02_lidar,C:\Users\Mathieu\Documents\New project\Stage_2A\data\exports_qgis\lidar\site04_patch02_lidar.png,C:\Users\Mathieu\Documents\New project\Stage_2A\data\exports_qgis\lidar_masque\site04_patch02_lidar_masque.png,3507,2480,3507,2480,ok
exports_qgis,lidar,site04_patch03_lidar,C:\Users\Mathieu\Documents\New project\Stage_2A\data\exports_qgis\lidar\site04_patch03_lidar.png,C:\Users\Mathieu\Documents\New project\Stage_2A\data\exports_qgis\lidar_masque\site04_patch03_lidar_masque.png,3507,2480,3507,2480,ok
exports_qgis,lidar,site04_patch04_lidar,C:\Users\Mathieu\Documents\New project\Stage_2A\data\exports_qgis\lidar\site04_patch04_lidar.png,C:\Users\Mathieu\Documents\New project\Stage_2A\data\exports_qgis\lidar_masque\site04_patch04_lidar_masque.png,3507,2480,3507,2480,ok
exports_qgis,lidar,site04_patch05_lidar,C:\Users\Mathieu\Documents\New project\Stage_2A\data\exports_qgis\lidar\site04_patch05_lidar.png,C:\Users\Mathieu\Documents\New project\Stage_2A\data\exports_qgis\lidar_masque\site04_patch05_lidar_masque.png,3507,2480,3507,2480,ok
exports_qgis,lidar,site04_patch06_lidar,C:\Users\Mathieu\Documents\New project\Stage_2A\data\exports_qgis\lidar\site04_patch06_lidar.png,C:\Users\Mathieu\Documents\New project\Stage_2A\data\exports_qgis\lidar_masque\site04_patch06_lidar_masque.png,3507,2480,3507,2480,ok
exports_qgis,lidar,site04_tres_large_lidar,C:\Users\Mathieu\Documents\New project\Stage_2A\data\exports_qgis\lidar\site04_tres_large_lidar.png,C:\Users\Mathieu\Documents\New project\Stage_2A\data\exports_qgis\lidar_masque\site04_tres_large_lidar_masque.png,3507,2480,3507,2480,ok
exports_qgis,lidar,site05_large_lidar,C:\Users\Mathieu\Documents\New project\Stage_2A\data\exports_qgis\lidar\site05_large_lidar.png,C:\Users\Mathieu\Documents\New project\Stage_2A\data\exports_qgis\lidar_masque\site05_large_lidar_masque.png,3507,2480,3507,2480,ok
exports_qgis,lidar,site05_neg01_lidar,C:\Users\Mathieu\Documents\New project\Stage_2A\data\exports_qgis\lidar\site05_neg01_lidar.png,C:\Users\Mathieu\Documents\New project\Stage_2A\data\exports_qgis\lidar_masque\site05_neg01_lidar_masque.png,3507,2480,3507,2480,ok
exports_qgis,lidar,site05_neg02_lidar,C:\Users\Mathieu\Documents\New project\Stage_2A\data\exports_qgis\lidar\site05_neg02_lidar.png,C:\Users\Mathieu\Documents\New project\Stage_2A\data\exports_qgis\lidar_masque\site05_neg02_lidar_masque.png,3507,2480,3507,2480,ok
exports_qgis,lidar,site05_neg03_lidar,C:\Users\Mathieu\Documents\New project\Stage_2A\data\exports_qgis\lidar\site05_neg03_lidar.png,C:\Users\Mathieu\Documents\New project\Stage_2A\data\exports_qgis\lidar_masque\site05_neg03_lidar_masque.png,3507,2480,3507,2480,ok
exports_qgis,lidar,site05_neg04_lidar,C:\Users\Mathieu\Documents\New project\Stage_2A\data\exports_qgis\lidar\site05_neg04_lidar.png,C:\Users\Mathieu\Documents\New project\Stage_2A\data\exports_qgis\lidar_masque\site05_neg04_lidar_masque.png,3507,2480,3507,2480,ok
exports_qgis,lidar,site05_neg05_lidar,C:\Users\Mathieu\Documents\New project\Stage_2A\data\exports_qgis\lidar\site05_neg05_lidar.png,C:\Users\Mathieu\Documents\New project\Stage_2A\data\exports_qgis\lidar_masque\site05_neg05_lidar_masque.png,3507,2480,3507,2480,ok
exports_qgis,lidar,site05_patch01_lidar,C:\Users\Mathieu\Documents\New project\Stage_2A\data\exports_qgis\lidar\site05_patch01_lidar.png,C:\Users\Mathieu\Documents\New project\Stage_2A\data\exports_qgis\lidar_masque\site05_patch01_lidar_masque.png,3507,2480,3507,2480,ok
exports_qgis,lidar,site05_patch02_lidar,C:\Users\Mathieu\Documents\New project\Stage_2A\data\exports_qgis\lidar\site05_patch02_lidar.png,C:\Users\Mathieu\Documents\New project\Stage_2A\data\exports_qgis\lidar_masque\site05_patch02_lidar_masque.png,3507,2480,3507,2480,ok
exports_qgis,lidar,site05_patch03_lidar,C:\Users\Mathieu\Documents\New project\Stage_2A\data\exports_qgis\lidar\site05_patch03_lidar.png,C:\Users\Mathieu\Documents\New project\Stage_2A\data\exports_qgis\lidar_masque\site05_patch03_lidar_masque.png,3507,2480,3507,2480,ok
exports_qgis,lidar,site05_patch04_lidar,C:\Users\Mathieu\Documents\New project\Stage_2A\data\exports_qgis\lidar\site05_patch04_lidar.png,C:\Users\Mathieu\Documents\New project\Stage_2A\data\exports_qgis\lidar_masque\site05_patch04_lidar_masque.png,3507,2480,3507,2480,ok
exports_qgis,lidar,site05_patch05_lidar,C:\Users\Mathieu\Documents\New project\Stage_2A\data\exports_qgis\lidar\site05_patch05_lidar.png,C:\Users\Mathieu\Documents\New project\Stage_2A\data\exports_qgis\lidar_masque\site05_patch05_lidar_masque.png,3507,2480,3507,2480,ok
exports_qgis,lidar,site05_patch06_lidar,C:\Users\Mathieu\Documents\New project\Stage_2A\data\exports_qgis\lidar\site05_patch06_lidar.png,C:\Users\Mathieu\Documents\New project\Stage_2A\data\exports_qgis\lidar_masque\site05_patch06_lidar_masque.png,3507,2480,3507,2480,ok
exports_qgis,lidar,site05_tres_large_lidar,C:\Users\Mathieu\Documents\New project\Stage_2A\data\exports_qgis\lidar\site05_tres_large_lidar.png,C:\Users\Mathieu\Documents\New project\Stage_2A\data\exports_qgis\lidar_masque\site05_tres_large_lidar_masque.png,3507,2480,3507,2480,ok
exports_qgis,lidar,site06_large_lidar,C:\Users\Mathieu\Documents\New project\Stage_2A\data\exports_qgis\lidar\site06_large_lidar.png,C:\Users\Mathieu\Documents\New project\Stage_2A\data\exports_qgis\lidar_masque\site06_large_lidar_masque.png,3507,2480,3507,2480,ok
exports_qgis,lidar,site06_neg01_lidar,C:\Users\Mathieu\Documents\New project\Stage_2A\data\exports_qgis\lidar\site06_neg01_lidar.png,C:\Users\Mathieu\Documents\New project\Stage_2A\data\exports_qgis\lidar_masque\site06_neg01_lidar_masque.png,3507,2480,3507,2480,ok
exports_qgis,lidar,site06_neg02_lidar,C:\Users\Mathieu\Documents\New project\Stage_2A\data\exports_qgis\lidar\site06_neg02_lidar.png,C:\Users\Mathieu\Documents\New project\Stage_2A\data\exports_qgis\lidar_masque\site06_neg02_lidar_masque.png,3507,2480,3507,2480,ok
exports_qgis,lidar,site06_neg03_lidar,C:\Users\Mathieu\Documents\New project\Stage_2A\data\exports_qgis\lidar\site06_neg03_lidar.png,C:\Users\Mathieu\Documents\New project\Stage_2A\data\exports_qgis\lidar_masque\site06_neg03_lidar_masque.png,3507,2480,3507,2480,ok
exports_qgis,lidar,site06_neg04_lidar,C:\Users\Mathieu\Documents\New project\Stage_2A\data\exports_qgis\lidar\site06_neg04_lidar.png,C:\Users\Mathieu\Documents\New project\Stage_2A\data\exports_qgis\lidar_masque\site06_neg04_lidar_masque.png,3507,2480,3507,2480,ok
exports_qgis,lidar,site06_neg05_lidar,C:\Users\Mathieu\Documents\New project\Stage_2A\data\exports_qgis\lidar\site06_neg05_lidar.png,C:\Users\Mathieu\Documents\New project\Stage_2A\data\exports_qgis\lidar_masque\site06_neg05_lidar_masque.png,3507,2480,3507,2480,ok
exports_qgis,lidar,site06_neg06_lidar,C:\Users\Mathieu\Documents\New project\Stage_2A\data\exports_qgis\lidar\site06_neg06_lidar.png,C:\Users\Mathieu\Documents\New project\Stage_2A\data\exports_qgis\lidar_masque\site06_neg06_lidar_masque.png,3507,2480,3507,2480,ok
exports_qgis,lidar,site06_patch01_lidar,C:\Users\Mathieu\Documents\New project\Stage_2A\data\exports_qgis\lidar\site06_patch01_lidar.png,C:\Users\Mathieu\Documents\New project\Stage_2A\data\exports_qgis\lidar_masque\site06_patch01_lidar_masque.png,3507,2480,3507,2480,ok
exports_qgis,lidar,site06_patch02_lidar,C:\Users\Mathieu\Documents\New project\Stage_2A\data\exports_qgis\lidar\site06_patch02_lidar.png,C:\Users\Mathieu\Documents\New project\Stage_2A\data\exports_qgis\lidar_masque\site06_patch02_lidar_masque.png,3507,2480,3507,2480,ok
exports_qgis,lidar,site06_patch03_lidar,C:\Users\Mathieu\Documents\New project\Stage_2A\data\exports_qgis\lidar\site06_patch03_lidar.png,C:\Users\Mathieu\Documents\New project\Stage_2A\data\exports_qgis\lidar_masque\site06_patch03_lidar_masque.png,3507,2480,3507,2480,ok
exports_qgis,lidar,site06_tres_large_lidar,C:\Users\Mathieu\Documents\New project\Stage_2A\data\exports_qgis\lidar\site06_tres_large_lidar.png,C:\Users\Mathieu\Documents\New project\Stage_2A\data\exports_qgis\lidar_masque\site06_tres_large_lidar_masque.png,3507,2480,3507,2480,ok
exports_qgis,lidar,site07_large_lidar,C:\Users\Mathieu\Documents\New project\Stage_2A\data\exports_qgis\lidar\site07_large_lidar.png,C:\Users\Mathieu\Documents\New project\Stage_2A\data\exports_qgis\lidar_masque\site07_large_lidar_masque.png,3507,2480,3507,2480,ok
exports_qgis,lidar,site07_neg01_lidar,C:\Users\Mathieu\Documents\New project\Stage_2A\data\exports_qgis\lidar\site07_neg01_lidar.png,C:\Users\Mathieu\Documents\New project\Stage_2A\data\exports_qgis\lidar_masque\site07_neg01_lidar_masque.png,3507,2480,3507,2480,ok
exports_qgis,lidar,site07_neg02_lidar,C:\Users\Mathieu\Documents\New project\Stage_2A\data\exports_qgis\lidar\site07_neg02_lidar.png,C:\Users\Mathieu\Documents\New project\Stage_2A\data\exports_qgis\lidar_masque\site07_neg02_lidar_masque.png,3507,2480,3507,2480,ok
exports_qgis,lidar,site07_neg03_lidar,C:\Users\Mathieu\Documents\New project\Stage_2A\data\exports_qgis\lidar\site07_neg03_lidar.png,C:\Users\Mathieu\Documents\New project\Stage_2A\data\exports_qgis\lidar_masque\site07_neg03_lidar_masque.png,3507,2480,3507,2480,ok
exports_qgis,lidar,site07_neg04_lidar,C:\Users\Mathieu\Documents\New project\Stage_2A\data\exports_qgis\lidar\site07_neg04_lidar.png,C:\Users\Mathieu\Documents\New project\Stage_2A\data\exports_qgis\lidar_masque\site07_neg04_lidar_masque.png,3507,2480,3507,2480,ok
exports_qgis,lidar,site07_neg05_lidar,C:\Users\Mathieu\Documents\New project\Stage_2A\data\exports_qgis\lidar\site07_neg05_lidar.png,C:\Users\Mathieu\Documents\New project\Stage_2A\data\exports_qgis\lidar_masque\site07_neg05_lidar_masque.png,3507,2480,3507,2480,ok
exports_qgis,lidar,site07_patch01_lidar,C:\Users\Mathieu\Documents\New project\Stage_2A\data\exports_qgis\lidar\site07_patch01_lidar.png,C:\Users\Mathieu\Documents\New project\Stage_2A\data\exports_qgis\lidar_masque\site07_patch01_lidar_masque.png,3507,2480,3507,2480,ok
exports_qgis,lidar,site07_patch02_lidar,C:\Users\Mathieu\Documents\New project\Stage_2A\data\exports_qgis\lidar\site07_patch02_lidar.png,C:\Users\Mathieu\Documents\New project\Stage_2A\data\exports_qgis\lidar_masque\site07_patch02_lidar_masque.png,3507,2480,3507,2480,ok
exports_qgis,lidar,site07_patch03_lidar,C:\Users\Mathieu\Documents\New project\Stage_2A\data\exports_qgis\lidar\site07_patch03_lidar.png,C:\Users\Mathieu\Documents\New project\Stage_2A\data\exports_qgis\lidar_masque\site07_patch03_lidar_masque.png,3507,2480,3507,2480,ok
exports_qgis,lidar,site07_patch04_lidar,C:\Users\Mathieu\Documents\New project\Stage_2A\data\exports_qgis\lidar\site07_patch04_lidar.png,C:\Users\Mathieu\Documents\New project\Stage_2A\data\exports_qgis\lidar_masque\site07_patch04_lidar_masque.png,3507,2480,3507,2480,ok
exports_qgis,lidar,site08_large_lidar,C:\Users\Mathieu\Documents\New project\Stage_2A\data\exports_qgis\lidar\site08_large_lidar.png,C:\Users\Mathieu\Documents\New project\Stage_2A\data\exports_qgis\lidar_masque\site08_large_lidar_masque.png,3507,2480,3507,2480,ok
exports_qgis,lidar,site08_neg01_lidar,C:\Users\Mathieu\Documents\New project\Stage_2A\data\exports_qgis\lidar\site08_neg01_lidar.png,C:\Users\Mathieu\Documents\New project\Stage_2A\data\exports_qgis\lidar_masque\site08_neg01_lidar_masque.png,3507,2480,3507,2480,ok
exports_qgis,lidar,site08_neg02_lidar,C:\Users\Mathieu\Documents\New project\Stage_2A\data\exports_qgis\lidar\site08_neg02_lidar.png,C:\Users\Mathieu\Documents\New project\Stage_2A\data\exports_qgis\lidar_masque\site08_neg02_lidar_masque.png,3507,2480,3507,2480,ok
exports_qgis,lidar,site08_neg03_lidar,C:\Users\Mathieu\Documents\New project\Stage_2A\data\exports_qgis\lidar\site08_neg03_lidar.png,C:\Users\Mathieu\Documents\New project\Stage_2A\data\exports_qgis\lidar_masque\site08_neg03_lidar_masque.png,3507,2480,3507,2480,ok
exports_qgis,lidar,site08_neg04_lidar,C:\Users\Mathieu\Documents\New project\Stage_2A\data\exports_qgis\lidar\site08_neg04_lidar.png,C:\Users\Mathieu\Documents\New project\Stage_2A\data\exports_qgis\lidar_masque\site08_neg04_lidar_masque.png,3507,2480,3507,2480,ok
exports_qgis,lidar,site08_neg05_lidar,C:\Users\Mathieu\Documents\New project\Stage_2A\data\exports_qgis\lidar\site08_neg05_lidar.png,C:\Users\Mathieu\Documents\New project\Stage_2A\data\exports_qgis\lidar_masque\site08_neg05_lidar_masque.png,3507,2480,3507,2480,ok
exports_qgis,lidar,site08_patch01_lidar,C:\Users\Mathieu\Documents\New project\Stage_2A\data\exports_qgis\lidar\site08_patch01_lidar.png,C:\Users\Mathieu\Documents\New project\Stage_2A\data\exports_qgis\lidar_masque\site08_patch01_lidar_masque.png,3507,2480,3507,2480,ok
exports_qgis,lidar,site08_patch02_lidar,C:\Users\Mathieu\Documents\New project\Stage_2A\data\exports_qgis\lidar\site08_patch02_lidar.png,C:\Users\Mathieu\Documents\New project\Stage_2A\data\exports_qgis\lidar_masque\site08_patch02_lidar_masque.png,3507,2480,3507,2480,ok
exports_qgis,lidar,site08_patch03_lidar,C:\Users\Mathieu\Documents\New project\Stage_2A\data\exports_qgis\lidar\site08_patch03_lidar.png,C:\Users\Mathieu\Documents\New project\Stage_2A\data\exports_qgis\lidar_masque\site08_patch03_lidar_masque.png,3507,2480,3507,2480,ok
exports_qgis,lidar,site08_patch04_lidar,C:\Users\Mathieu\Documents\New project\Stage_2A\data\exports_qgis\lidar\site08_patch04_lidar.png,C:\Users\Mathieu\Documents\New project\Stage_2A\data\exports_qgis\lidar_masque\site08_patch04_lidar_masque.png,3507,2480,3507,2480,ok
exports_qgis,lidar,site09_neg01_lidar,C:\Users\Mathieu\Documents\New project\Stage_2A\data\exports_qgis\lidar\site09_neg01_lidar.png,C:\Users\Mathieu\Documents\New project\Stage_2A\data\exports_qgis\lidar_masque\site09_neg01_lidar_masque.png,3507,2480,3507,2480,ok
exports_qgis,lidar,site09_neg02_lidar,C:\Users\Mathieu\Documents\New project\Stage_2A\data\exports_qgis\lidar\site09_neg02_lidar.png,C:\Users\Mathieu\Documents\New project\Stage_2A\data\exports_qgis\lidar_masque\site09_neg02_lidar_masque.png,3507,2480,3507,2480,ok
exports_qgis,lidar,site09_neg03_lidar,C:\Users\Mathieu\Documents\New project\Stage_2A\data\exports_qgis\lidar\site09_neg03_lidar.png,C:\Users\Mathieu\Documents\New project\Stage_2A\data\exports_qgis\lidar_masque\site09_neg03_lidar_masque.png,3507,2480,3507,2480,ok
exports_qgis,lidar,site09_neg04_lidar,C:\Users\Mathieu\Documents\New project\Stage_2A\data\exports_qgis\lidar\site09_neg04_lidar.png,C:\Users\Mathieu\Documents\New project\Stage_2A\data\exports_qgis\lidar_masque\site09_neg04_lidar_masque.png,3507,2480,3507,2480,ok
exports_qgis,lidar,site09_neg05_lidar,C:\Users\Mathieu\Documents\New project\Stage_2A\data\exports_qgis\lidar\site09_neg05_lidar.png,C:\Users\Mathieu\Documents\New project\Stage_2A\data\exports_qgis\lidar_masque\site09_neg05_lidar_masque.png,3507,2480,3507,2480,ok
exports_qgis,lidar,site09_neg06_lidar,C:\Users\Mathieu\Documents\New project\Stage_2A\data\exports_qgis\lidar\site09_neg06_lidar.png,C:\Users\Mathieu\Documents\New project\Stage_2A\data\exports_qgis\lidar_masque\site09_neg06_lidar_masque.png,3507,2480,3507,2480,ok
exports_qgis,lidar,site09_patch01_lidar,C:\Users\Mathieu\Documents\New project\Stage_2A\data\exports_qgis\lidar\site09_patch01_lidar.png,C:\Users\Mathieu\Documents\New project\Stage_2A\data\exports_qgis\lidar_masque\site09_patch01_lidar_masque.png,3507,2480,3507,2480,ok
exports_qgis,lidar,site09_patch02_lidar,C:\Users\Mathieu\Documents\New project\Stage_2A\data\exports_qgis\lidar\site09_patch02_lidar.png,C:\Users\Mathieu\Documents\New project\Stage_2A\data\exports_qgis\lidar_masque\site09_patch02_lidar_masque.png,3507,2480,3507,2480,ok
exports_qgis,lidar,site09_patch03_lidar,C:\Users\Mathieu\Documents\New project\Stage_2A\data\exports_qgis\lidar\site09_patch03_lidar.png,C:\Users\Mathieu\Documents\New project\Stage_2A\data\exports_qgis\lidar_masque\site09_patch03_lidar_masque.png,3507,2480,3507,2480,ok
exports_qgis,lidar,site09_patch04_lidar,C:\Users\Mathieu\Documents\New project\Stage_2A\data\exports_qgis\lidar\site09_patch04_lidar.png,C:\Users\Mathieu\Documents\New project\Stage_2A\data\exports_qgis\lidar_masque\site09_patch04_lidar_masque.png,3507,2480,3507,2480,ok
exports_qgis,lidar,site10_large_lidar,C:\Users\Mathieu\Documents\New project\Stage_2A\data\exports_qgis\lidar\site10_large_lidar.png,C:\Users\Mathieu\Documents\New project\Stage_2A\data\exports_qgis\lidar_masque\site10_large_lidar_masque.png,3507,2480,3507,2480,ok
exports_qgis,lidar,site10_neg01_lidar,C:\Users\Mathieu\Documents\New project\Stage_2A\data\exports_qgis\lidar\site10_neg01_lidar.png,C:\Users\Mathieu\Documents\New project\Stage_2A\data\exports_qgis\lidar_masque\site10_neg01_lidar_masque.png,3507,2480,3507,2480,ok
exports_qgis,lidar,site10_neg02_lidar,C:\Users\Mathieu\Documents\New project\Stage_2A\data\exports_qgis\lidar\site10_neg02_lidar.png,C:\Users\Mathieu\Documents\New project\Stage_2A\data\exports_qgis\lidar_masque\site10_neg02_lidar_masque.png,3507,2480,3507,2480,ok
exports_qgis,lidar,site10_negO3_lidar,C:\Users\Mathieu\Documents\New project\Stage_2A\data\exports_qgis\lidar\site10_negO3_lidar.png,C:\Users\Mathieu\Documents\New project\Stage_2A\data\exports_qgis\lidar_masque\site10_negO3_lidar_masque.png,3507,2480,3507,2480,ok
exports_qgis,lidar,site10_negO4_lidar,C:\Users\Mathieu\Documents\New project\Stage_2A\data\exports_qgis\lidar\site10_negO4_lidar.png,C:\Users\Mathieu\Documents\New project\Stage_2A\data\exports_qgis\lidar_masque\site10_negO4_lidar_masque.png,3507,2480,3507,2480,ok
exports_qgis,lidar,site10_negO5_lidar,C:\Users\Mathieu\Documents\New project\Stage_2A\data\exports_qgis\lidar\site10_negO5_lidar.png,C:\Users\Mathieu\Documents\New project\Stage_2A\data\exports_qgis\lidar_masque\site10_negO5_lidar_masque.png,3507,2480,3507,2480,ok
exports_qgis,lidar,site10_patch01_lidar,C:\Users\Mathieu\Documents\New project\Stage_2A\data\exports_qgis\lidar\site10_patch01_lidar.png,C:\Users\Mathieu\Documents\New project\Stage_2A\data\exports_qgis\lidar_masque\site10_patch01_lidar_masque.png,3507,2480,3507,2480,ok
exports_qgis,lidar,site10_patch02_lidar,C:\Users\Mathieu\Documents\New project\Stage_2A\data\exports_qgis\lidar\site10_patch02_lidar.png,C:\Users\Mathieu\Documents\New project\Stage_2A\data\exports_qgis\lidar_masque\site10_patch02_lidar_masque.png,3507,2480,3507,2480,ok
exports_qgis,lidar,site10_patch03_lidar,C:\Users\Mathieu\Documents\New project\Stage_2A\data\exports_qgis\lidar\site10_patch03_lidar.png,C:\Users\Mathieu\Documents\New project\Stage_2A\data\exports_qgis\lidar_masque\site10_patch03_lidar_masque.png,3507,2480,3507,2480,ok
exports_qgis,lidar,site10_patch04_lidar,C:\Users\Mathieu\Documents\New project\Stage_2A\data\exports_qgis\lidar\site10_patch04_lidar.png,C:\Users\Mathieu\Documents\New project\Stage_2A\data\exports_qgis\lidar_masque\site10_patch04_lidar_masque.png,3507,2480,3507,2480,ok
exports_qgis,lidar,site11_large_lidar,C:\Users\Mathieu\Documents\New project\Stage_2A\data\exports_qgis\lidar\site11_large_lidar.png,C:\Users\Mathieu\Documents\New project\Stage_2A\data\exports_qgis\lidar_masque\site11_large_lidar_masque.png,3507,2480,3507,2480,ok
exports_qgis,lidar,site11_neg01_lidar,C:\Users\Mathieu\Documents\New project\Stage_2A\data\exports_qgis\lidar\site11_neg01_lidar.png,C:\Users\Mathieu\Documents\New project\Stage_2A\data\exports_qgis\lidar_masque\site11_neg01_lidar_masque.png,3507,2480,3507,2480,ok
exports_qgis,lidar,site11_neg02_lidar,C:\Users\Mathieu\Documents\New project\Stage_2A\data\exports_qgis\lidar\site11_neg02_lidar.png,C:\Users\Mathieu\Documents\New project\Stage_2A\data\exports_qgis\lidar_masque\site11_neg02_lidar_masque.png,3507,2480,3507,2480,ok
exports_qgis,lidar,site11_neg03_lidar,C:\Users\Mathieu\Documents\New project\Stage_2A\data\exports_qgis\lidar\site11_neg03_lidar.png,C:\Users\Mathieu\Documents\New project\Stage_2A\data\exports_qgis\lidar_masque\site11_neg03_lidar_masque.png,3507,2480,3507,2480,ok
exports_qgis,lidar,site11_neg04_lidar,C:\Users\Mathieu\Documents\New project\Stage_2A\data\exports_qgis\lidar\site11_neg04_lidar.png,C:\Users\Mathieu\Documents\New project\Stage_2A\data\exports_qgis\lidar_masque\site11_neg04_lidar_masque.png,3507,2480,3507,2480,ok
exports_qgis,lidar,site11_neg05_lidar,C:\Users\Mathieu\Documents\New project\Stage_2A\data\exports_qgis\lidar\site11_neg05_lidar.png,C:\Users\Mathieu\Documents\New project\Stage_2A\data\exports_qgis\lidar_masque\site11_neg05_lidar_masque.png,3507,2480,3507,2480,ok
exports_qgis,lidar,site11_neg06_lidar,C:\Users\Mathieu\Documents\New project\Stage_2A\data\exports_qgis\lidar\site11_neg06_lidar.png,C:\Users\Mathieu\Documents\New project\Stage_2A\data\exports_qgis\lidar_masque\site11_neg06_lidar_masque.png,3507,2480,3507,2480,ok
exports_qgis,lidar,site11_patch01_lidar,C:\Users\Mathieu\Documents\New project\Stage_2A\data\exports_qgis\lidar\site11_patch01_lidar.png,C:\Users\Mathieu\Documents\New project\Stage_2A\data\exports_qgis\lidar_masque\site11_patch01_lidar_masque.png,3507,2480,3507,2480,ok
exports_qgis,lidar,site11_patch02_lidar,C:\Users\Mathieu\Documents\New project\Stage_2A\data\exports_qgis\lidar\site11_patch02_lidar.png,C:\Users\Mathieu\Documents\New project\Stage_2A\data\exports_qgis\lidar_masque\site11_patch02_lidar_masque.png,3507,2480,3507,2480,ok
exports_qgis,lidar,site11_patch03_lidar,C:\Users\Mathieu\Documents\New project\Stage_2A\data\exports_qgis\lidar\site11_patch03_lidar.png,C:\Users\Mathieu\Documents\New project\Stage_2A\data\exports_qgis\lidar_masque\site11_patch03_lidar_masque.png,3507,2480,3507,2480,ok
exports_qgis,lidar,site11_patch04_lidar,C:\Users\Mathieu\Documents\New project\Stage_2A\data\exports_qgis\lidar\site11_patch04_lidar.png,C:\Users\Mathieu\Documents\New project\Stage_2A\data\exports_qgis\lidar_masque\site11_patch04_lidar_masque.png,3507,2480,3507,2480,ok
exports_qgis,lidar,site11_patch05_lidar,C:\Users\Mathieu\Documents\New project\Stage_2A\data\exports_qgis\lidar\site11_patch05_lidar.png,C:\Users\Mathieu\Documents\New project\Stage_2A\data\exports_qgis\lidar_masque\site11_patch05_lidar_masque.png,3507,2480,3507,2480,ok
exports_qgis,lidar,site12_large_lidar,C:\Users\Mathieu\Documents\New project\Stage_2A\data\exports_qgis\lidar\site12_large_lidar.png,C:\Users\Mathieu\Documents\New project\Stage_2A\data\exports_qgis\lidar_masque\site12_large_lidar_masque.png,3507,2480,3507,2480,ok
exports_qgis,lidar,site12_neg01_lidar,C:\Users\Mathieu\Documents\New project\Stage_2A\data\exports_qgis\lidar\site12_neg01_lidar.png,C:\Users\Mathieu\Documents\New project\Stage_2A\data\exports_qgis\lidar_masque\site12_neg01_lidar_masque.png,3507,2480,3507,2480,ok
exports_qgis,lidar,site12_neg02_lidar,C:\Users\Mathieu\Documents\New project\Stage_2A\data\exports_qgis\lidar\site12_neg02_lidar.png,C:\Users\Mathieu\Documents\New project\Stage_2A\data\exports_qgis\lidar_masque\site12_neg02_lidar_masque.png,3507,2480,3507,2480,ok
exports_qgis,lidar,site12_neg03_lidar,C:\Users\Mathieu\Documents\New project\Stage_2A\data\exports_qgis\lidar\site12_neg03_lidar.png,C:\Users\Mathieu\Documents\New project\Stage_2A\data\exports_qgis\lidar_masque\site12_neg03_lidar_masque.png,3507,2480,3507,2480,ok
exports_qgis,lidar,site12_neg04_lidar,C:\Users\Mathieu\Documents\New project\Stage_2A\data\exports_qgis\lidar\site12_neg04_lidar.png,C:\Users\Mathieu\Documents\New project\Stage_2A\data\exports_qgis\lidar_masque\site12_neg04_lidar_masque.png,3507,2480,3507,2480,ok
exports_qgis,lidar,site12_neg05_lidar,C:\Users\Mathieu\Documents\New project\Stage_2A\data\exports_qgis\lidar\site12_neg05_lidar.png,C:\Users\Mathieu\Documents\New project\Stage_2A\data\exports_qgis\lidar_masque\site12_neg05_lidar_masque.png,3507,2480,3507,2480,ok
exports_qgis,lidar,site12_neg06_lidar,C:\Users\Mathieu\Documents\New project\Stage_2A\data\exports_qgis\lidar\site12_neg06_lidar.png,C:\Users\Mathieu\Documents\New project\Stage_2A\data\exports_qgis\lidar_masque\site12_neg06_lidar_masque.png,3507,2480,3507,2480,ok
exports_qgis,lidar,site12_neg07_lidar,C:\Users\Mathieu\Documents\New project\Stage_2A\data\exports_qgis\lidar\site12_neg07_lidar.png,C:\Users\Mathieu\Documents\New project\Stage_2A\data\exports_qgis\lidar_masque\site12_neg07_lidar_masque.png,3507,2480,3507,2480,ok
exports_qgis,lidar,site12_neg08_lidar,C:\Users\Mathieu\Documents\New project\Stage_2A\data\exports_qgis\lidar\site12_neg08_lidar.png,C:\Users\Mathieu\Documents\New project\Stage_2A\data\exports_qgis\lidar_masque\site12_neg08_lidar_masque.png,3507,2480,3507,2480,ok
exports_qgis,lidar,site12_neg09_lidar,C:\Users\Mathieu\Documents\New project\Stage_2A\data\exports_qgis\lidar\site12_neg09_lidar.png,C:\Users\Mathieu\Documents\New project\Stage_2A\data\exports_qgis\lidar_masque\site12_neg09_lidar_masque.png,3507,2480,3507,2480,ok
exports_qgis,lidar,site12_neg10_lidar,C:\Users\Mathieu\Documents\New project\Stage_2A\data\exports_qgis\lidar\site12_neg10_lidar.png,C:\Users\Mathieu\Documents\New project\Stage_2A\data\exports_qgis\lidar_masque\site12_neg10_lidar_masque.png,3507,2480,3507,2480,ok
exports_qgis,lidar,site12_neg11_lidar,C:\Users\Mathieu\Documents\New project\Stage_2A\data\exports_qgis\lidar\site12_neg11_lidar.png,C:\Users\Mathieu\Documents\New project\Stage_2A\data\exports_qgis\lidar_masque\site12_neg11_lidar_masque.png,3507,2480,3507,2480,ok
exports_qgis,lidar,site12_patch01_lidar,C:\Users\Mathieu\Documents\New project\Stage_2A\data\exports_qgis\lidar\site12_patch01_lidar.png,C:\Users\Mathieu\Documents\New project\Stage_2A\data\exports_qgis\lidar_masque\site12_patch01_lidar_masque.png,3507,2480,3507,2480,ok
exports_qgis,lidar,site12_patch02_lidar,C:\Users\Mathieu\Documents\New project\Stage_2A\data\exports_qgis\lidar\site12_patch02_lidar.png,C:\Users\Mathieu\Documents\New project\Stage_2A\data\exports_qgis\lidar_masque\site12_patch02_lidar_masque.png,3507,2480,3507,2480,ok
exports_qgis,lidar,site12_patch03_lidar,C:\Users\Mathieu\Documents\New project\Stage_2A\data\exports_qgis\lidar\site12_patch03_lidar.png,C:\Users\Mathieu\Documents\New project\Stage_2A\data\exports_qgis\lidar_masque\site12_patch03_lidar_masque.png,3507,2480,3507,2480,ok
exports_qgis,lidar,site12_patch04_lidar,C:\Users\Mathieu\Documents\New project\Stage_2A\data\exports_qgis\lidar\site12_patch04_lidar.png,C:\Users\Mathieu\Documents\New project\Stage_2A\data\exports_qgis\lidar_masque\site12_patch04_lidar_masque.png,3507,2480,3507,2480,ok
exports_qgis,lidar,site12_patch05_lidar,C:\Users\Mathieu\Documents\New project\Stage_2A\data\exports_qgis\lidar\site12_patch05_lidar.png,C:\Users\Mathieu\Documents\New project\Stage_2A\data\exports_qgis\lidar_masque\site12_patch05_lidar_masque.png,3507,2480,3507,2480,ok
exports_qgis,lidar,site13_large_lidar,C:\Users\Mathieu\Documents\New project\Stage_2A\data\exports_qgis\lidar\site13_large_lidar.png,C:\Users\Mathieu\Documents\New project\Stage_2A\data\exports_qgis\lidar_masque\site13_large_lidar_masque.png,3507,2480,3507,2480,ok
exports_qgis,lidar,site13_neg01_lidar,C:\Users\Mathieu\Documents\New project\Stage_2A\data\exports_qgis\lidar\site13_neg01_lidar.png,C:\Users\Mathieu\Documents\New project\Stage_2A\data\exports_qgis\lidar_masque\site13_neg01_lidar_masque.png,3507,2480,3507,2480,ok
exports_qgis,lidar,site13_neg02_lidar,C:\Users\Mathieu\Documents\New project\Stage_2A\data\exports_qgis\lidar\site13_neg02_lidar.png,C:\Users\Mathieu\Documents\New project\Stage_2A\data\exports_qgis\lidar_masque\site13_neg02_lidar_masque.png,3507,2480,3507,2480,ok
exports_qgis,lidar,site13_neg03_lidar,C:\Users\Mathieu\Documents\New project\Stage_2A\data\exports_qgis\lidar\site13_neg03_lidar.png,C:\Users\Mathieu\Documents\New project\Stage_2A\data\exports_qgis\lidar_masque\site13_neg03_lidar_masque.png,3507,2480,3507,2480,ok
exports_qgis,lidar,site13_neg04_lidar,C:\Users\Mathieu\Documents\New project\Stage_2A\data\exports_qgis\lidar\site13_neg04_lidar.png,C:\Users\Mathieu\Documents\New project\Stage_2A\data\exports_qgis\lidar_masque\site13_neg04_lidar_masque.png,3507,2480,3507,2480,ok
exports_qgis,lidar,site13_neg05_lidar,C:\Users\Mathieu\Documents\New project\Stage_2A\data\exports_qgis\lidar\site13_neg05_lidar.png,C:\Users\Mathieu\Documents\New project\Stage_2A\data\exports_qgis\lidar_masque\site13_neg05_lidar_masque.png,3507,2480,3507,2480,ok
exports_qgis,lidar,site13_neg06_lidar,C:\Users\Mathieu\Documents\New project\Stage_2A\data\exports_qgis\lidar\site13_neg06_lidar.png,C:\Users\Mathieu\Documents\New project\Stage_2A\data\exports_qgis\lidar_masque\site13_neg06_lidar_masque.png,3507,2480,3507,2480,ok
exports_qgis,lidar,site13_neg07_lidar,C:\Users\Mathieu\Documents\New project\Stage_2A\data\exports_qgis\lidar\site13_neg07_lidar.png,C:\Users\Mathieu\Documents\New project\Stage_2A\data\exports_qgis\lidar_masque\site13_neg07_lidar_masque.png,3507,2480,3507,2480,ok
exports_qgis,lidar,site13_neg08_lidar,C:\Users\Mathieu\Documents\New project\Stage_2A\data\exports_qgis\lidar\site13_neg08_lidar.png,C:\Users\Mathieu\Documents\New project\Stage_2A\data\exports_qgis\lidar_masque\site13_neg08_lidar_masque.png,3507,2480,3507,2480,ok
exports_qgis,lidar,site13_neg09_lidar,C:\Users\Mathieu\Documents\New project\Stage_2A\data\exports_qgis\lidar\site13_neg09_lidar.png,C:\Users\Mathieu\Documents\New project\Stage_2A\data\exports_qgis\lidar_masque\site13_neg09_lidar_masque.png,3507,2480,3507,2480,ok
exports_qgis,lidar,site13_neg10_lidar,C:\Users\Mathieu\Documents\New project\Stage_2A\data\exports_qgis\lidar\site13_neg10_lidar.png,C:\Users\Mathieu\Documents\New project\Stage_2A\data\exports_qgis\lidar_masque\site13_neg10_lidar_masque.png,3507,2480,3507,2480,ok
exports_qgis,lidar,site13_patch01_lidar,C:\Users\Mathieu\Documents\New project\Stage_2A\data\exports_qgis\lidar\site13_patch01_lidar.png,C:\Users\Mathieu\Documents\New project\Stage_2A\data\exports_qgis\lidar_masque\site13_patch01_lidar_masque.png,3507,2480,3507,2480,ok
exports_qgis,lidar,site13_patch02_lidar,C:\Users\Mathieu\Documents\New project\Stage_2A\data\exports_qgis\lidar\site13_patch02_lidar.png,C:\Users\Mathieu\Documents\New project\Stage_2A\data\exports_qgis\lidar_masque\site13_patch02_lidar_masque.png,3507,2480,3507,2480,ok
exports_qgis,lidar,site14_large_lidar,C:\Users\Mathieu\Documents\New project\Stage_2A\data\exports_qgis\lidar\site14_large_lidar.png,C:\Users\Mathieu\Documents\New project\Stage_2A\data\exports_qgis\lidar_masque\site14_large_lidar_masque.png,3507,2480,3507,2480,ok
exports_qgis,lidar,site14_neg01_lidar,C:\Users\Mathieu\Documents\New project\Stage_2A\data\exports_qgis\lidar\site14_neg01_lidar.png,C:\Users\Mathieu\Documents\New project\Stage_2A\data\exports_qgis\lidar_masque\site14_neg01_lidar_masque.png,3507,2480,3507,2480,ok
exports_qgis,lidar,site14_neg02_lidar,C:\Users\Mathieu\Documents\New project\Stage_2A\data\exports_qgis\lidar\site14_neg02_lidar.png,C:\Users\Mathieu\Documents\New project\Stage_2A\data\exports_qgis\lidar_masque\site14_neg02_lidar_masque.png,3507,2480,3507,2480,ok
exports_qgis,lidar,site14_neg03_lidar,C:\Users\Mathieu\Documents\New project\Stage_2A\data\exports_qgis\lidar\site14_neg03_lidar.png,C:\Users\Mathieu\Documents\New project\Stage_2A\data\exports_qgis\lidar_masque\site14_neg03_lidar_masque.png,3507,2480,3507,2480,ok
exports_qgis,lidar,site14_neg04_lidar,C:\Users\Mathieu\Documents\New project\Stage_2A\data\exports_qgis\lidar\site14_neg04_lidar.png,C:\Users\Mathieu\Documents\New project\Stage_2A\data\exports_qgis\lidar_masque\site14_neg04_lidar_masque.png,3507,2480,3507,2480,ok
exports_qgis,lidar,site14_neg05_lidar,C:\Users\Mathieu\Documents\New project\Stage_2A\data\exports_qgis\lidar\site14_neg05_lidar.png,C:\Users\Mathieu\Documents\New project\Stage_2A\data\exports_qgis\lidar_masque\site14_neg05_lidar_masque.png,3507,2480,3507,2480,ok
exports_qgis,lidar,site14_neg06_lidar,C:\Users\Mathieu\Documents\New project\Stage_2A\data\exports_qgis\lidar\site14_neg06_lidar.png,C:\Users\Mathieu\Documents\New project\Stage_2A\data\exports_qgis\lidar_masque\site14_neg06_lidar_masque.png,3507,2480,3507,2480,ok
exports_qgis,lidar,site14_neg07_lidar,C:\Users\Mathieu\Documents\New project\Stage_2A\data\exports_qgis\lidar\site14_neg07_lidar.png,C:\Users\Mathieu\Documents\New project\Stage_2A\data\exports_qgis\lidar_masque\site14_neg07_lidar_masque.png,3507,2480,3507,2480,ok
exports_qgis,lidar,site14_patch01_lidar,C:\Users\Mathieu\Documents\New project\Stage_2A\data\exports_qgis\lidar\site14_patch01_lidar.png,C:\Users\Mathieu\Documents\New project\Stage_2A\data\exports_qgis\lidar_masque\site14_patch01_lidar_masque.png,3507,2480,3507,2480,ok
exports_qgis,lidar,site14_patch02_lidar,C:\Users\Mathieu\Documents\New project\Stage_2A\data\exports_qgis\lidar\site14_patch02_lidar.png,C:\Users\Mathieu\Documents\New project\Stage_2A\data\exports_qgis\lidar_masque\site14_patch02_lidar_masque.png,3507,2480,3507,2480,ok
exports_qgis,lidar,site14_patch03_lidar,C:\Users\Mathieu\Documents\New project\Stage_2A\data\exports_qgis\lidar\site14_patch03_lidar.png,C:\Users\Mathieu\Documents\New project\Stage_2A\data\exports_qgis\lidar_masque\site14_patch03_lidar_masque.png,3507,2480,3507,2480,ok
exports_qgis,lidar,site14_patch04_lidar,C:\Users\Mathieu\Documents\New project\Stage_2A\data\exports_qgis\lidar\site14_patch04_lidar.png,C:\Users\Mathieu\Documents\New project\Stage_2A\data\exports_qgis\lidar_masque\site14_patch04_lidar_masque.png,3507,2480,3507,2480,ok
exports_qgis,lidar,site14_patch05_lidar,C:\Users\Mathieu\Documents\New project\Stage_2A\data\exports_qgis\lidar\site14_patch05_lidar.png,C:\Users\Mathieu\Documents\New project\Stage_2A\data\exports_qgis\lidar_masque\site14_patch05_lidar_masque.png,3507,2480,3507,2480,ok
exports_qgis,lidar,site15_neg02_lidar,C:\Users\Mathieu\Documents\New project\Stage_2A\data\exports_qgis\lidar\site15_neg02_lidar.png,C:\Users\Mathieu\Documents\New project\Stage_2A\data\exports_qgis\lidar_masque\site15_neg02_lidar_masque.png,2882,2480,3507,2480,size_mismatch
exports_qgis,lidar,site15_neg03_lidar,C:\Users\Mathieu\Documents\New project\Stage_2A\data\exports_qgis\lidar\site15_neg03_lidar.png,C:\Users\Mathieu\Documents\New project\Stage_2A\data\exports_qgis\lidar_masque\site15_neg03_lidar_masque.png,3507,2480,3507,2480,ok
exports_qgis,lidar,site15_neg04_lidar,C:\Users\Mathieu\Documents\New project\Stage_2A\data\exports_qgis\lidar\site15_neg04_lidar.png,C:\Users\Mathieu\Documents\New project\Stage_2A\data\exports_qgis\lidar_masque\site15_neg04_lidar_masque.png,3507,2480,3507,2480,ok
exports_qgis,lidar,site15_neg06_lidar,C:\Users\Mathieu\Documents\New project\Stage_2A\data\exports_qgis\lidar\site15_neg06_lidar.png,C:\Users\Mathieu\Documents\New project\Stage_2A\data\exports_qgis\lidar_masque\site15_neg06_lidar_masque.png,3507,2480,3507,2480,ok
exports_qgis,lidar,site15_neg07_lidar,C:\Users\Mathieu\Documents\New project\Stage_2A\data\exports_qgis\lidar\site15_neg07_lidar.png,C:\Users\Mathieu\Documents\New project\Stage_2A\data\exports_qgis\lidar_masque\site15_neg07_lidar_masque.png,3507,2480,3507,2480,ok
exports_qgis,lidar,site15_neg08_lidar,C:\Users\Mathieu\Documents\New project\Stage_2A\data\exports_qgis\lidar\site15_neg08_lidar.png,C:\Users\Mathieu\Documents\New project\Stage_2A\data\exports_qgis\lidar_masque\site15_neg08_lidar_masque.png,3507,2480,3507,2480,ok
exports_qgis,lidar,site15_neg09_lidar,C:\Users\Mathieu\Documents\New project\Stage_2A\data\exports_qgis\lidar\site15_neg09_lidar.png,C:\Users\Mathieu\Documents\New project\Stage_2A\data\exports_qgis\lidar_masque\site15_neg09_lidar_masque.png,3507,2480,3507,2480,ok
exports_qgis,lidar,site15_patch01_lidar,C:\Users\Mathieu\Documents\New project\Stage_2A\data\exports_qgis\lidar\site15_patch01_lidar.png,C:\Users\Mathieu\Documents\New project\Stage_2A\data\exports_qgis\lidar_masque\site15_patch01_lidar_masque.png,3507,2480,3507,2480,ok
exports_qgis,lidar,site15_patch02_lidar,C:\Users\Mathieu\Documents\New project\Stage_2A\data\exports_qgis\lidar\site15_patch02_lidar.png,C:\Users\Mathieu\Documents\New project\Stage_2A\data\exports_qgis\lidar_masque\site15_patch02_lidar_masque.png,3507,2480,3507,2480,ok
exports_qgis,lidar,site15_patch03_lidar,C:\Users\Mathieu\Documents\New project\Stage_2A\data\exports_qgis\lidar\site15_patch03_lidar.png,C:\Users\Mathieu\Documents\New project\Stage_2A\data\exports_qgis\lidar_masque\site15_patch03_lidar_masque.png,3507,2480,3507,2480,ok
exports_qgis_auto,rgb,site01_large,C:\Users\Mathieu\Documents\New project\Stage_2A\data\exports_qgis_auto\rgb\site01_large.png,C:\Users\Mathieu\Documents\New project\Stage_2A\data\exports_qgis_auto\rgb_masque\site01_large_masque.png,3507,2480,3507,2480,ok
exports_qgis_auto,rgb,site01_patch,C:\Users\Mathieu\Documents\New project\Stage_2A\data\exports_qgis_auto\rgb\site01_patch.png,C:\Users\Mathieu\Documents\New project\Stage_2A\data\exports_qgis_auto\rgb_masque\site01_patch_masque.png,3507,2480,3507,2480,ok
exports_qgis_auto,rgb,site01_tres_large,C:\Users\Mathieu\Documents\New project\Stage_2A\data\exports_qgis_auto\rgb\site01_tres_large.png,C:\Users\Mathieu\Documents\New project\Stage_2A\data\exports_qgis_auto\rgb_masque\site01_tres_large_masque.png,3507,2480,3507,2480,ok
exports_qgis_auto,rgb,site02_large,C:\Users\Mathieu\Documents\New project\Stage_2A\data\exports_qgis_auto\rgb\site02_large.png,C:\Users\Mathieu\Documents\New project\Stage_2A\data\exports_qgis_auto\rgb_masque\site02_large_masque.png,3507,2480,3507,2480,ok
exports_qgis_auto,rgb,site02_patch,C:\Users\Mathieu\Documents\New project\Stage_2A\data\exports_qgis_auto\rgb\site02_patch.png,C:\Users\Mathieu\Documents\New project\Stage_2A\data\exports_qgis_auto\rgb_masque\site02_patch_masque.png,3507,2480,3507,2480,ok
exports_qgis_auto,rgb,site02_tres_large,C:\Users\Mathieu\Documents\New project\Stage_2A\data\exports_qgis_auto\rgb\site02_tres_large.png,C:\Users\Mathieu\Documents\New project\Stage_2A\data\exports_qgis_auto\rgb_masque\site02_tres_large_masque.png,3507,2480,3507,2480,ok
exports_qgis_auto,rgb,site03_large,C:\Users\Mathieu\Documents\New project\Stage_2A\data\exports_qgis_auto\rgb\site03_large.png,C:\Users\Mathieu\Documents\New project\Stage_2A\data\exports_qgis_auto\rgb_masque\site03_large_masque.png,3507,2480,3507,2480,ok
exports_qgis_auto,rgb,site03_patch,C:\Users\Mathieu\Documents\New project\Stage_2A\data\exports_qgis_auto\rgb\site03_patch.png,C:\Users\Mathieu\Documents\New project\Stage_2A\data\exports_qgis_auto\rgb_masque\site03_patch_masque.png,3507,2480,3507,2480,ok
exports_qgis_auto,rgb,site03_tres_large,C:\Users\Mathieu\Documents\New project\Stage_2A\data\exports_qgis_auto\rgb\site03_tres_large.png,C:\Users\Mathieu\Documents\New project\Stage_2A\data\exports_qgis_auto\rgb_masque\site03_tres_large_masque.png,3507,2480,3507,2480,ok
exports_qgis_auto,rgb,site04_large,C:\Users\Mathieu\Documents\New project\Stage_2A\data\exports_qgis_auto\rgb\site04_large.png,C:\Users\Mathieu\Documents\New project\Stage_2A\data\exports_qgis_auto\rgb_masque\site04_large_masque.png,3507,2480,3507,2480,ok
exports_qgis_auto,rgb,site04_patch,C:\Users\Mathieu\Documents\New project\Stage_2A\data\exports_qgis_auto\rgb\site04_patch.png,C:\Users\Mathieu\Documents\New project\Stage_2A\data\exports_qgis_auto\rgb_masque\site04_patch_masque.png,3507,2480,3507,2480,ok
exports_qgis_auto,rgb,site04_tres_large,C:\Users\Mathieu\Documents\New project\Stage_2A\data\exports_qgis_auto\rgb\site04_tres_large.png,C:\Users\Mathieu\Documents\New project\Stage_2A\data\exports_qgis_auto\rgb_masque\site04_tres_large_masque.png,3507,2480,3507,2480,ok
exports_qgis_auto,rgb,site05_large,C:\Users\Mathieu\Documents\New project\Stage_2A\data\exports_qgis_auto\rgb\site05_large.png,C:\Users\Mathieu\Documents\New project\Stage_2A\data\exports_qgis_auto\rgb_masque\site05_large_masque.png,3507,2480,3507,2480,ok
exports_qgis_auto,rgb,site05_patch,C:\Users\Mathieu\Documents\New project\Stage_2A\data\exports_qgis_auto\rgb\site05_patch.png,C:\Users\Mathieu\Documents\New project\Stage_2A\data\exports_qgis_auto\rgb_masque\site05_patch_masque.png,3507,2480,3507,2480,ok
exports_qgis_auto,rgb,site05_tres_large,C:\Users\Mathieu\Documents\New project\Stage_2A\data\exports_qgis_auto\rgb\site05_tres_large.png,C:\Users\Mathieu\Documents\New project\Stage_2A\data\exports_qgis_auto\rgb_masque\site05_tres_large_masque.png,3507,2480,3507,2480,ok
exports_qgis_auto,rgb,site06_large,C:\Users\Mathieu\Documents\New project\Stage_2A\data\exports_qgis_auto\rgb\site06_large.png,C:\Users\Mathieu\Documents\New project\Stage_2A\data\exports_qgis_auto\rgb_masque\site06_large_masque.png,3507,2480,3507,2480,ok
exports_qgis_auto,rgb,site06_patch,C:\Users\Mathieu\Documents\New project\Stage_2A\data\exports_qgis_auto\rgb\site06_patch.png,C:\Users\Mathieu\Documents\New project\Stage_2A\data\exports_qgis_auto\rgb_masque\site06_patch_masque.png,3507,2480,3507,2480,ok
exports_qgis_auto,rgb,site06_tres_large,C:\Users\Mathieu\Documents\New project\Stage_2A\data\exports_qgis_auto\rgb\site06_tres_large.png,C:\Users\Mathieu\Documents\New project\Stage_2A\data\exports_qgis_auto\rgb_masque\site06_tres_large_masque.png,3507,2480,3507,2480,ok
exports_qgis_auto,rgb,site07_large,C:\Users\Mathieu\Documents\New project\Stage_2A\data\exports_qgis_auto\rgb\site07_large.png,C:\Users\Mathieu\Documents\New project\Stage_2A\data\exports_qgis_auto\rgb_masque\site07_large_masque.png,3507,2480,3507,2480,ok
exports_qgis_auto,rgb,site07_patch,C:\Users\Mathieu\Documents\New project\Stage_2A\data\exports_qgis_auto\rgb\site07_patch.png,C:\Users\Mathieu\Documents\New project\Stage_2A\data\exports_qgis_auto\rgb_masque\site07_patch_masque.png,3507,2480,3507,2480,ok
exports_qgis_auto,rgb,site07_tres_large,C:\Users\Mathieu\Documents\New project\Stage_2A\data\exports_qgis_auto\rgb\site07_tres_large.png,C:\Users\Mathieu\Documents\New project\Stage_2A\data\exports_qgis_auto\rgb_masque\site07_tres_large_masque.png,3507,2480,3507,2480,ok
exports_qgis_auto,rgb,site08_large,C:\Users\Mathieu\Documents\New project\Stage_2A\data\exports_qgis_auto\rgb\site08_large.png,C:\Users\Mathieu\Documents\New project\Stage_2A\data\exports_qgis_auto\rgb_masque\site08_large_masque.png,3507,2480,3507,2480,ok
exports_qgis_auto,rgb,site08_patch,C:\Users\Mathieu\Documents\New project\Stage_2A\data\exports_qgis_auto\rgb\site08_patch.png,C:\Users\Mathieu\Documents\New project\Stage_2A\data\exports_qgis_auto\rgb_masque\site08_patch_masque.png,3507,2480,3507,2480,ok
exports_qgis_auto,rgb,site08_tres_large,C:\Users\Mathieu\Documents\New project\Stage_2A\data\exports_qgis_auto\rgb\site08_tres_large.png,C:\Users\Mathieu\Documents\New project\Stage_2A\data\exports_qgis_auto\rgb_masque\site08_tres_large_masque.png,3507,2480,3507,2480,ok
exports_qgis_auto,rgb,site09_large,C:\Users\Mathieu\Documents\New project\Stage_2A\data\exports_qgis_auto\rgb\site09_large.png,C:\Users\Mathieu\Documents\New project\Stage_2A\data\exports_qgis_auto\rgb_masque\site09_large_masque.png,3507,2480,3507,2480,ok
exports_qgis_auto,rgb,site09_patch,C:\Users\Mathieu\Documents\New project\Stage_2A\data\exports_qgis_auto\rgb\site09_patch.png,C:\Users\Mathieu\Documents\New project\Stage_2A\data\exports_qgis_auto\rgb_masque\site09_patch_masque.png,3507,2480,3507,2480,ok
exports_qgis_auto,rgb,site09_tres_large,C:\Users\Mathieu\Documents\New project\Stage_2A\data\exports_qgis_auto\rgb\site09_tres_large.png,C:\Users\Mathieu\Documents\New project\Stage_2A\data\exports_qgis_auto\rgb_masque\site09_tres_large_masque.png,3507,2480,3507,2480,ok
exports_qgis_auto,rgb,site10_large,C:\Users\Mathieu\Documents\New project\Stage_2A\data\exports_qgis_auto\rgb\site10_large.png,C:\Users\Mathieu\Documents\New project\Stage_2A\data\exports_qgis_auto\rgb_masque\site10_large_masque.png,3507,2480,3507,2480,ok
exports_qgis_auto,rgb,site10_patch,C:\Users\Mathieu\Documents\New project\Stage_2A\data\exports_qgis_auto\rgb\site10_patch.png,C:\Users\Mathieu\Documents\New project\Stage_2A\data\exports_qgis_auto\rgb_masque\site10_patch_masque.png,3507,2480,3507,2480,ok
exports_qgis_auto,rgb,site10_tres_large,C:\Users\Mathieu\Documents\New project\Stage_2A\data\exports_qgis_auto\rgb\site10_tres_large.png,C:\Users\Mathieu\Documents\New project\Stage_2A\data\exports_qgis_auto\rgb_masque\site10_tres_large_masque.png,3507,2480,3507,2480,ok
exports_qgis_auto,rgb,site11_large,C:\Users\Mathieu\Documents\New project\Stage_2A\data\exports_qgis_auto\rgb\site11_large.png,C:\Users\Mathieu\Documents\New project\Stage_2A\data\exports_qgis_auto\rgb_masque\site11_large_masque.png,3507,2480,3507,2480,ok
exports_qgis_auto,rgb,site11_patch,C:\Users\Mathieu\Documents\New project\Stage_2A\data\exports_qgis_auto\rgb\site11_patch.png,C:\Users\Mathieu\Documents\New project\Stage_2A\data\exports_qgis_auto\rgb_masque\site11_patch_masque.png,3507,2480,3507,2480,ok
exports_qgis_auto,rgb,site11_tres_large,C:\Users\Mathieu\Documents\New project\Stage_2A\data\exports_qgis_auto\rgb\site11_tres_large.png,C:\Users\Mathieu\Documents\New project\Stage_2A\data\exports_qgis_auto\rgb_masque\site11_tres_large_masque.png,3507,2480,3507,2480,ok
exports_qgis_auto,rgb,site12_large,C:\Users\Mathieu\Documents\New project\Stage_2A\data\exports_qgis_auto\rgb\site12_large.png,C:\Users\Mathieu\Documents\New project\Stage_2A\data\exports_qgis_auto\rgb_masque\site12_large_masque.png,3507,2480,3507,2480,ok
exports_qgis_auto,rgb,site12_patch,C:\Users\Mathieu\Documents\New project\Stage_2A\data\exports_qgis_auto\rgb\site12_patch.png,C:\Users\Mathieu\Documents\New project\Stage_2A\data\exports_qgis_auto\rgb_masque\site12_patch_masque.png,3507,2480,3507,2480,ok
exports_qgis_auto,rgb,site12_tres_large,C:\Users\Mathieu\Documents\New project\Stage_2A\data\exports_qgis_auto\rgb\site12_tres_large.png,C:\Users\Mathieu\Documents\New project\Stage_2A\data\exports_qgis_auto\rgb_masque\site12_tres_large_masque.png,3507,2480,3507,2480,ok
exports_qgis_auto,rgb,site13_large,C:\Users\Mathieu\Documents\New project\Stage_2A\data\exports_qgis_auto\rgb\site13_large.png,C:\Users\Mathieu\Documents\New project\Stage_2A\data\exports_qgis_auto\rgb_masque\site13_large_masque.png,3507,2480,3507,2480,ok
exports_qgis_auto,rgb,site13_patch,C:\Users\Mathieu\Documents\New project\Stage_2A\data\exports_qgis_auto\rgb\site13_patch.png,C:\Users\Mathieu\Documents\New project\Stage_2A\data\exports_qgis_auto\rgb_masque\site13_patch_masque.png,3507,2480,3507,2480,ok
exports_qgis_auto,rgb,site13_tres_large,C:\Users\Mathieu\Documents\New project\Stage_2A\data\exports_qgis_auto\rgb\site13_tres_large.png,C:\Users\Mathieu\Documents\New project\Stage_2A\data\exports_qgis_auto\rgb_masque\site13_tres_large_masque.png,3507,2480,3507,2480,ok
exports_qgis_auto,rgb,site14_large,C:\Users\Mathieu\Documents\New project\Stage_2A\data\exports_qgis_auto\rgb\site14_large.png,C:\Users\Mathieu\Documents\New project\Stage_2A\data\exports_qgis_auto\rgb_masque\site14_large_masque.png,3507,2480,3507,2480,ok
exports_qgis_auto,rgb,site14_patch,C:\Users\Mathieu\Documents\New project\Stage_2A\data\exports_qgis_auto\rgb\site14_patch.png,C:\Users\Mathieu\Documents\New project\Stage_2A\data\exports_qgis_auto\rgb_masque\site14_patch_masque.png,3507,2480,3507,2480,ok
exports_qgis_auto,rgb,site14_tres_large,C:\Users\Mathieu\Documents\New project\Stage_2A\data\exports_qgis_auto\rgb\site14_tres_large.png,C:\Users\Mathieu\Documents\New project\Stage_2A\data\exports_qgis_auto\rgb_masque\site14_tres_large_masque.png,3507,2480,3507,2480,ok
exports_qgis_auto,rgb,site15_large,C:\Users\Mathieu\Documents\New project\Stage_2A\data\exports_qgis_auto\rgb\site15_large.png,C:\Users\Mathieu\Documents\New project\Stage_2A\data\exports_qgis_auto\rgb_masque\site15_large_masque.png,3507,2480,3507,2480,ok
exports_qgis_auto,rgb,site15_patch,C:\Users\Mathieu\Documents\New project\Stage_2A\data\exports_qgis_auto\rgb\site15_patch.png,C:\Users\Mathieu\Documents\New project\Stage_2A\data\exports_qgis_auto\rgb_masque\site15_patch_masque.png,3507,2480,3507,2480,ok
exports_qgis_auto,rgb,site15_tres_large,C:\Users\Mathieu\Documents\New project\Stage_2A\data\exports_qgis_auto\rgb\site15_tres_large.png,C:\Users\Mathieu\Documents\New project\Stage_2A\data\exports_qgis_auto\rgb_masque\site15_tres_large_masque.png,3507,2480,3507,2480,ok
exports_qgis_auto,lidar,site01_large_lidar,C:\Users\Mathieu\Documents\New project\Stage_2A\data\exports_qgis_auto\lidar\site01_large_lidar.png,C:\Users\Mathieu\Documents\New project\Stage_2A\data\exports_qgis_auto\lidar_masque\site01_large_lidar_masque.png,3507,2480,3507,2480,ok
exports_qgis_auto,lidar,site01_patch_lidar,C:\Users\Mathieu\Documents\New project\Stage_2A\data\exports_qgis_auto\lidar\site01_patch_lidar.png,C:\Users\Mathieu\Documents\New project\Stage_2A\data\exports_qgis_auto\lidar_masque\site01_patch_lidar_masque.png,3507,2480,3507,2480,ok
exports_qgis_auto,lidar,site01_tres_large_lidar,C:\Users\Mathieu\Documents\New project\Stage_2A\data\exports_qgis_auto\lidar\site01_tres_large_lidar.png,C:\Users\Mathieu\Documents\New project\Stage_2A\data\exports_qgis_auto\lidar_masque\site01_tres_large_lidar_masque.png,3507,2480,3507,2480,ok
exports_qgis_auto,lidar,site02_large_lidar,C:\Users\Mathieu\Documents\New project\Stage_2A\data\exports_qgis_auto\lidar\site02_large_lidar.png,C:\Users\Mathieu\Documents\New project\Stage_2A\data\exports_qgis_auto\lidar_masque\site02_large_lidar_masque.png,3507,2480,3507,2480,ok
exports_qgis_auto,lidar,site02_patch_lidar,C:\Users\Mathieu\Documents\New project\Stage_2A\data\exports_qgis_auto\lidar\site02_patch_lidar.png,C:\Users\Mathieu\Documents\New project\Stage_2A\data\exports_qgis_auto\lidar_masque\site02_patch_lidar_masque.png,3507,2480,3507,2480,ok
exports_qgis_auto,lidar,site02_tres_large_lidar,C:\Users\Mathieu\Documents\New project\Stage_2A\data\exports_qgis_auto\lidar\site02_tres_large_lidar.png,C:\Users\Mathieu\Documents\New project\Stage_2A\data\exports_qgis_auto\lidar_masque\site02_tres_large_lidar_masque.png,3507,2480,3507,2480,ok
exports_qgis_auto,lidar,site03_large_lidar,C:\Users\Mathieu\Documents\New project\Stage_2A\data\exports_qgis_auto\lidar\site03_large_lidar.png,C:\Users\Mathieu\Documents\New project\Stage_2A\data\exports_qgis_auto\lidar_masque\site03_large_lidar_masque.png,3507,2480,3507,2480,ok
exports_qgis_auto,lidar,site03_patch_lidar,C:\Users\Mathieu\Documents\New project\Stage_2A\data\exports_qgis_auto\lidar\site03_patch_lidar.png,C:\Users\Mathieu\Documents\New project\Stage_2A\data\exports_qgis_auto\lidar_masque\site03_patch_lidar_masque.png,3507,2480,3507,2480,ok
exports_qgis_auto,lidar,site03_tres_large_lidar,C:\Users\Mathieu\Documents\New project\Stage_2A\data\exports_qgis_auto\lidar\site03_tres_large_lidar.png,C:\Users\Mathieu\Documents\New project\Stage_2A\data\exports_qgis_auto\lidar_masque\site03_tres_large_lidar_masque.png,3507,2480,3507,2480,ok
exports_qgis_auto,lidar,site04_large_lidar,C:\Users\Mathieu\Documents\New project\Stage_2A\data\exports_qgis_auto\lidar\site04_large_lidar.png,C:\Users\Mathieu\Documents\New project\Stage_2A\data\exports_qgis_auto\lidar_masque\site04_large_lidar_masque.png,3507,2480,3507,2480,ok
exports_qgis_auto,lidar,site04_patch_lidar,C:\Users\Mathieu\Documents\New project\Stage_2A\data\exports_qgis_auto\lidar\site04_patch_lidar.png,C:\Users\Mathieu\Documents\New project\Stage_2A\data\exports_qgis_auto\lidar_masque\site04_patch_lidar_masque.png,3507,2480,3507,2480,ok
exports_qgis_auto,lidar,site04_tres_large_lidar,C:\Users\Mathieu\Documents\New project\Stage_2A\data\exports_qgis_auto\lidar\site04_tres_large_lidar.png,C:\Users\Mathieu\Documents\New project\Stage_2A\data\exports_qgis_auto\lidar_masque\site04_tres_large_lidar_masque.png,3507,2480,3507,2480,ok
exports_qgis_auto,lidar,site05_large_lidar,C:\Users\Mathieu\Documents\New project\Stage_2A\data\exports_qgis_auto\lidar\site05_large_lidar.png,C:\Users\Mathieu\Documents\New project\Stage_2A\data\exports_qgis_auto\lidar_masque\site05_large_lidar_masque.png,3507,2480,3507,2480,ok
exports_qgis_auto,lidar,site05_patch_lidar,C:\Users\Mathieu\Documents\New project\Stage_2A\data\exports_qgis_auto\lidar\site05_patch_lidar.png,C:\Users\Mathieu\Documents\New project\Stage_2A\data\exports_qgis_auto\lidar_masque\site05_patch_lidar_masque.png,3507,2480,3507,2480,ok
exports_qgis_auto,lidar,site05_tres_large_lidar,C:\Users\Mathieu\Documents\New project\Stage_2A\data\exports_qgis_auto\lidar\site05_tres_large_lidar.png,C:\Users\Mathieu\Documents\New project\Stage_2A\data\exports_qgis_auto\lidar_masque\site05_tres_large_lidar_masque.png,3507,2480,3507,2480,ok
exports_qgis_auto,lidar,site06_large_lidar,C:\Users\Mathieu\Documents\New project\Stage_2A\data\exports_qgis_auto\lidar\site06_large_lidar.png,C:\Users\Mathieu\Documents\New project\Stage_2A\data\exports_qgis_auto\lidar_masque\site06_large_lidar_masque.png,3507,2480,3507,2480,ok
exports_qgis_auto,lidar,site06_patch_lidar,C:\Users\Mathieu\Documents\New project\Stage_2A\data\exports_qgis_auto\lidar\site06_patch_lidar.png,C:\Users\Mathieu\Documents\New project\Stage_2A\data\exports_qgis_auto\lidar_masque\site06_patch_lidar_masque.png,3507,2480,3507,2480,ok
exports_qgis_auto,lidar,site06_tres_large_lidar,C:\Users\Mathieu\Documents\New project\Stage_2A\data\exports_qgis_auto\lidar\site06_tres_large_lidar.png,C:\Users\Mathieu\Documents\New project\Stage_2A\data\exports_qgis_auto\lidar_masque\site06_tres_large_lidar_masque.png,3507,2480,3507,2480,ok
exports_qgis_auto,lidar,site07_large_lidar,C:\Users\Mathieu\Documents\New project\Stage_2A\data\exports_qgis_auto\lidar\site07_large_lidar.png,C:\Users\Mathieu\Documents\New project\Stage_2A\data\exports_qgis_auto\lidar_masque\site07_large_lidar_masque.png,3507,2480,3507,2480,ok
exports_qgis_auto,lidar,site07_patch_lidar,C:\Users\Mathieu\Documents\New project\Stage_2A\data\exports_qgis_auto\lidar\site07_patch_lidar.png,C:\Users\Mathieu\Documents\New project\Stage_2A\data\exports_qgis_auto\lidar_masque\site07_patch_lidar_masque.png,3507,2480,3507,2480,ok
exports_qgis_auto,lidar,site07_tres_large_lidar,C:\Users\Mathieu\Documents\New project\Stage_2A\data\exports_qgis_auto\lidar\site07_tres_large_lidar.png,C:\Users\Mathieu\Documents\New project\Stage_2A\data\exports_qgis_auto\lidar_masque\site07_tres_large_lidar_masque.png,3507,2480,3507,2480,ok
exports_qgis_auto,lidar,site08_large_lidar,C:\Users\Mathieu\Documents\New project\Stage_2A\data\exports_qgis_auto\lidar\site08_large_lidar.png,C:\Users\Mathieu\Documents\New project\Stage_2A\data\exports_qgis_auto\lidar_masque\site08_large_lidar_masque.png,3507,2480,3507,2480,ok
exports_qgis_auto,lidar,site08_patch_lidar,C:\Users\Mathieu\Documents\New project\Stage_2A\data\exports_qgis_auto\lidar\site08_patch_lidar.png,C:\Users\Mathieu\Documents\New project\Stage_2A\data\exports_qgis_auto\lidar_masque\site08_patch_lidar_masque.png,3507,2480,3507,2480,ok
exports_qgis_auto,lidar,site08_tres_large_lidar,C:\Users\Mathieu\Documents\New project\Stage_2A\data\exports_qgis_auto\lidar\site08_tres_large_lidar.png,C:\Users\Mathieu\Documents\New project\Stage_2A\data\exports_qgis_auto\lidar_masque\site08_tres_large_lidar_masque.png,3507,2480,3507,2480,ok
exports_qgis_auto,lidar,site09_large_lidar,C:\Users\Mathieu\Documents\New project\Stage_2A\data\exports_qgis_auto\lidar\site09_large_lidar.png,C:\Users\Mathieu\Documents\New project\Stage_2A\data\exports_qgis_auto\lidar_masque\site09_large_lidar_masque.png,3507,2480,3507,2480,ok
exports_qgis_auto,lidar,site09_patch_lidar,C:\Users\Mathieu\Documents\New project\Stage_2A\data\exports_qgis_auto\lidar\site09_patch_lidar.png,C:\Users\Mathieu\Documents\New project\Stage_2A\data\exports_qgis_auto\lidar_masque\site09_patch_lidar_masque.png,3507,2480,3507,2480,ok
exports_qgis_auto,lidar,site09_tres_large_lidar,C:\Users\Mathieu\Documents\New project\Stage_2A\data\exports_qgis_auto\lidar\site09_tres_large_lidar.png,C:\Users\Mathieu\Documents\New project\Stage_2A\data\exports_qgis_auto\lidar_masque\site09_tres_large_lidar_masque.png,3507,2480,3507,2480,ok
exports_qgis_auto,lidar,site10_large_lidar,C:\Users\Mathieu\Documents\New project\Stage_2A\data\exports_qgis_auto\lidar\site10_large_lidar.png,C:\Users\Mathieu\Documents\New project\Stage_2A\data\exports_qgis_auto\lidar_masque\site10_large_lidar_masque.png,3507,2480,3507,2480,ok
exports_qgis_auto,lidar,site10_patch_lidar,C:\Users\Mathieu\Documents\New project\Stage_2A\data\exports_qgis_auto\lidar\site10_patch_lidar.png,C:\Users\Mathieu\Documents\New project\Stage_2A\data\exports_qgis_auto\lidar_masque\site10_patch_lidar_masque.png,3507,2480,3507,2480,ok
exports_qgis_auto,lidar,site10_tres_large_lidar,C:\Users\Mathieu\Documents\New project\Stage_2A\data\exports_qgis_auto\lidar\site10_tres_large_lidar.png,C:\Users\Mathieu\Documents\New project\Stage_2A\data\exports_qgis_auto\lidar_masque\site10_tres_large_lidar_masque.png,3507,2480,3507,2480,ok
exports_qgis_auto,lidar,site11_large_lidar,C:\Users\Mathieu\Documents\New project\Stage_2A\data\exports_qgis_auto\lidar\site11_large_lidar.png,C:\Users\Mathieu\Documents\New project\Stage_2A\data\exports_qgis_auto\lidar_masque\site11_large_lidar_masque.png,3507,2480,3507,2480,ok
exports_qgis_auto,lidar,site11_patch_lidar,C:\Users\Mathieu\Documents\New project\Stage_2A\data\exports_qgis_auto\lidar\site11_patch_lidar.png,C:\Users\Mathieu\Documents\New project\Stage_2A\data\exports_qgis_auto\lidar_masque\site11_patch_lidar_masque.png,3507,2480,3507,2480,ok
exports_qgis_auto,lidar,site11_tres_large_lidar,C:\Users\Mathieu\Documents\New project\Stage_2A\data\exports_qgis_auto\lidar\site11_tres_large_lidar.png,C:\Users\Mathieu\Documents\New project\Stage_2A\data\exports_qgis_auto\lidar_masque\site11_tres_large_lidar_masque.png,3507,2480,3507,2480,ok
exports_qgis_auto,lidar,site12_large_lidar,C:\Users\Mathieu\Documents\New project\Stage_2A\data\exports_qgis_auto\lidar\site12_large_lidar.png,C:\Users\Mathieu\Documents\New project\Stage_2A\data\exports_qgis_auto\lidar_masque\site12_large_lidar_masque.png,3507,2480,3507,2480,ok
exports_qgis_auto,lidar,site12_patch_lidar,C:\Users\Mathieu\Documents\New project\Stage_2A\data\exports_qgis_auto\lidar\site12_patch_lidar.png,C:\Users\Mathieu\Documents\New project\Stage_2A\data\exports_qgis_auto\lidar_masque\site12_patch_lidar_masque.png,3507,2480,3507,2480,ok
exports_qgis_auto,lidar,site12_tres_large_lidar,C:\Users\Mathieu\Documents\New project\Stage_2A\data\exports_qgis_auto\lidar\site12_tres_large_lidar.png,C:\Users\Mathieu\Documents\New project\Stage_2A\data\exports_qgis_auto\lidar_masque\site12_tres_large_lidar_masque.png,3507,2480,3507,2480,ok
exports_qgis_auto,lidar,site13_large_lidar,C:\Users\Mathieu\Documents\New project\Stage_2A\data\exports_qgis_auto\lidar\site13_large_lidar.png,C:\Users\Mathieu\Documents\New project\Stage_2A\data\exports_qgis_auto\lidar_masque\site13_large_lidar_masque.png,3507,2480,3507,2480,ok
exports_qgis_auto,lidar,site13_patch_lidar,C:\Users\Mathieu\Documents\New project\Stage_2A\data\exports_qgis_auto\lidar\site13_patch_lidar.png,C:\Users\Mathieu\Documents\New project\Stage_2A\data\exports_qgis_auto\lidar_masque\site13_patch_lidar_masque.png,3507,2480,3507,2480,ok
exports_qgis_auto,lidar,site13_tres_large_lidar,C:\Users\Mathieu\Documents\New project\Stage_2A\data\exports_qgis_auto\lidar\site13_tres_large_lidar.png,C:\Users\Mathieu\Documents\New project\Stage_2A\data\exports_qgis_auto\lidar_masque\site13_tres_large_lidar_masque.png,3507,2480,3507,2480,ok
exports_qgis_auto,lidar,site14_large_lidar,C:\Users\Mathieu\Documents\New project\Stage_2A\data\exports_qgis_auto\lidar\site14_large_lidar.png,C:\Users\Mathieu\Documents\New project\Stage_2A\data\exports_qgis_auto\lidar_masque\site14_large_lidar_masque.png,3507,2480,3507,2480,ok
exports_qgis_auto,lidar,site14_patch_lidar,C:\Users\Mathieu\Documents\New project\Stage_2A\data\exports_qgis_auto\lidar\site14_patch_lidar.png,C:\Users\Mathieu\Documents\New project\Stage_2A\data\exports_qgis_auto\lidar_masque\site14_patch_lidar_masque.png,3507,2480,3507,2480,ok
exports_qgis_auto,lidar,site14_tres_large_lidar,C:\Users\Mathieu\Documents\New project\Stage_2A\data\exports_qgis_auto\lidar\site14_tres_large_lidar.png,C:\Users\Mathieu\Documents\New project\Stage_2A\data\exports_qgis_auto\lidar_masque\site14_tres_large_lidar_masque.png,3507,2480,3507,2480,ok
exports_qgis_auto,lidar,site15_large_lidar,C:\Users\Mathieu\Documents\New project\Stage_2A\data\exports_qgis_auto\lidar\site15_large_lidar.png,C:\Users\Mathieu\Documents\New project\Stage_2A\data\exports_qgis_auto\lidar_masque\site15_large_lidar_masque.png,3507,2480,3507,2480,ok
exports_qgis_auto,lidar,site15_patch_lidar,C:\Users\Mathieu\Documents\New project\Stage_2A\data\exports_qgis_auto\lidar\site15_patch_lidar.png,C:\Users\Mathieu\Documents\New project\Stage_2A\data\exports_qgis_auto\lidar_masque\site15_patch_lidar_masque.png,3507,2480,3507,2480,ok
exports_qgis_auto,lidar,site15_tres_large_lidar,C:\Users\Mathieu\Documents\New project\Stage_2A\data\exports_qgis_auto\lidar\site15_tres_large_lidar.png,C:\Users\Mathieu\Documents\New project\Stage_2A\data\exports_qgis_auto\lidar_masque\site15_tres_large_lidar_masque.png,3507,2480,3507,2480,ok
